x,secX,cscX,cosX,sinX,cotX,log5X,log2X,log10X,lnX,log3X,result
-3.141592653589793,-0.9999999999999563,5.869553396682982E12,-1.0000000000000437,1.70370713479687E-13,-5.869553396683239E12,,,,,,2.022158408148459E38
-3.1315926535897933,-1.0000500020833794,-100.00166668769187,-0.9999500004167039,-0.009999833334008616,99.99666664602856,,,,,,-990001.6659904498
-3.1215926535897935,-1.0002000333387222,-50.003333489259425,-0.999800006666612,-0.01999866669318751,49.99333315591439,,,,,,-122501.66510919966
-3.1115926535897938,-1.0004501688117546,-33.33833385853328,-0.9995500337490179,-0.029995500202360588,33.32333273343297,,,,,,-35927.59008253762
-3.101592653589794,-1.000800533680554,-25.006667911399095,-0.9992001066610047,-0.03998933418650942,24.986665244306298,,,,,,-15001.663092200652
-3.091592653589794,-1.0012513034084374,-20.008335764575868,-0.9987502603949899,-0.04997916927056315,19.98333055494054,,,,,,-7601.661914267647
-3.0815926535897944,-1.0018027039585573,-16.676670868291108,-0.9982005399352248,-0.059964006479338285,16.64666186505022,,,,,,-4353.512474370082
-3.0715926535897946,-1.0024550120706412,-14.297387625293176,-0.9975510002532979,-0.0699428473374341,14.262373326620331,,,,,,-2713.029479215084
-3.061592653589795,-1.003208555600519,-12.51334329562589,-0.9968017063026356,-0.07991469396908144,12.473321948630534,,,,,,-1798.5326970949452
-3.051592653589795,-1.0040637139232016,-11.12612529823825,-0.9959527330120085,-0.08987854919792639,11.081094898614435,,,,,,-1249.94138561281
-3.0415926535897952,-1.0050209184004428,-10.016686131642583,-0.9950041652780383,-0.09983341664675034,9.96664442326713,,,,,,-901.6543152325776
-3.0315926535897955,-1.0060806529138626,-9.109268337864702,-0.993956097956708,-0.10977830083710206,9.054212812344588,,,,,,-670.3226257754375
-3.0215926535897957,-1.0072434544648565,-8.353366984430496,-0.9928086358538761,-0.11971220728885248,8.293294880599246,,,,,,-510.90973568166254
-3.011592653589796,-1.0085099138426858,-7.714017154679374,-0.9915618937147967,-0.1296341426196328,7.648925458042308,,,,,,-397.6429235416687
-3.001592653589796,-1.0098806763623054,-7.1662439422389586,-0.990215996212645,-0.1395431146441784,7.096129384366983,,,,,,-315.0572589902065
-2.9915926535897963,-1.0113564426736568,-6.691732447720613,-0.9887710779360493,-0.14943813247354612,6.616591505592348,,,,,,-253.49571245528247
-2.9815926535897965,-1.0129379696443284,-6.276746526664038,-0.9872272833756333,-0.15931820661419627,6.1965754219559805,,,,,,-206.71955150101152
-2.9715926535897967,-1.0146260713176753,-5.910782097039402,-0.9855847669095662,-0.1691823490669502,5.825576795363816,,,,,,-170.57842608416726
-2.961592653589797,-1.0164216199486813,-5.585669344258147,-0.9838436927881263,-0.17902957342578138,5.495425554348367,,,,,,-142.23978145676872
-2.951592653589797,-1.018325547120748,-5.294958440398786,-0.9820042351165968,-0.188858894976461,5.199671613237978,,,,,,-119.72645391113682
-2.9415926535897974,-1.020338844941812,-5.033489547673295,-0.9800665778406467,-0.19866933079502372,4.93315487558483,,,,,,-101.63054547369211
-2.9315926535897976,-1.0224625673336563,-4.797085678053373,-0.9780309147236231,-0.20845989984606525,4.691698093714131,,,,,,-86.93150189948032
-2.921592653589798,-1.0246978314026762,-4.582329318460936,-0.9758974493301423,-0.21822962308083724,4.471883493876757,,,,,,-74.87761124820835
-2.911592653589798,-1.0270458189068945,-4.386397327654908,-0.9736663950049669,-0.2279775235351578,4.2708876730771745,,,,,,-64.90712020996425
-2.9015926535897982,-1.0295077778182269,-4.206937108903418,-0.9713379748516705,-0.23770262642710638,4.0863577716905874,,,,,,-56.59468495357039
-2.8915926535897984,-1.032085023984722,-4.041972501195986,-0.9689124217103291,-0.24740395925605832,3.9163173646203595,,,,,,-49.61436897786522
-2.8815926535897987,-1.0347789428970002,-3.889831388000065,-0.9663899781342361,-0.25708055189357304,3.7590940699952484,,,,,,-43.71365804979548
-2.871592653589799,-1.0375909915634216,-3.7490893927201263,-0.9637708963656477,-0.266731436690139,3.613263244576818,,,,,,-38.69494001614594
-2.861592653589799,-1.0405227004988418,-3.6185256396654975,-0.9610554383105581,-0.2763556485653206,3.477603744666717,,,,,,-34.40212447941526
-2.8515926535897993,-1.0435756758321633,-3.4970876678070586,-0.958243875512511,-0.28595222510594837,3.3510628398064446,,,,,,-30.710854072125915
-2.8415926535897995,-1.0467516015382636,-3.383863361812376,-0.9553364891254434,-0.29552020666236545,3.232728143754055,,,,,,-27.521259875094245
-2.8315926535897997,-1.0500522418002718,-3.278058315789712,-0.9523335698855714,-0.3050586364443891,3.1218049781691,,,,,,-24.752541865047743
-2.8215926535898,-1.0534794435085861,-3.178977441335806,-0.9492354180823175,-0.3145665606169889,3.0175979806006494,,,,,,-22.33887395255643
-2.8115926535898,-1.057035138903492,-3.086009919580672,-0.9460423435282795,-0.32404302839567034,2.9194960564716164,,,,,,-20.226280928490105
-2.8015926535898004,-1.060721348368688,-2.998616808759537,-0.9427546655282532,-0.3334870921415526,2.826959986589495,,,,,,-18.37023582990284
-2.7915926535898006,-1.0645401833835864,-2.916320776206588,-0.9393727128472983,-0.3428978074561306,2.7395121590781217,,,,,,-16.73379641481749
-2.781592653589801,-1.068493849642767,-2.8386975416885765,-0.9358968236778651,-0.3522742332757149,2.656728012648503,,,,,,-15.286148680077941
-2.771592653589801,-1.0725846503515792,-2.765368708311385,-0.9323273456059744,-0.36161543196553675,2.578228867441776,,,,,,-14.001460293981657
-2.761592653589801,-1.0768149897075177,-2.6959957253941074,-0.9286646355764586,-0.3709204694135105,2.503675887838809,,,,,,-12.857971859846787
-2.7515926535898014,-1.0811873765776703,-2.6302747801370456,-0.9249090598572689,-0.3801884151236461,2.4327649740628394,,,,,,-11.837272054702378
-2.7415926535898016,-1.0857044283832828,-2.567932455544844,-0.9210609940028476,-0.38941834230909617,2.3652224200363072,,,,,,-10.92371592972056
-2.731592653589802,-1.0903688752032652,-2.5087220237807712,-0.9171208228165731,-0.3986093279848316,2.3008012066678796,,,,,,-10.10395541654144
-2.721592653589802,-1.095183564109313,-2.4524202690470083,-0.9130889403122813,-0.40776045305994485,2.2392778246644927,,,,,,-9.3665583324023
-2.7115926535898023,-1.1001514637462417,-2.3988247537892433,-0.9089657496748627,-0.4168708024295543,2.1804495406666575,,,,,,-8.701697603876259
-2.7015926535898025,-1.1052756691721057,-2.3477514576967176,-0.9047516632199447,-0.4259394650663145,2.1241320361781546,,,,,,-8.100896521901674
-2.6915926535898027,-1.1105594069737463,-2.2990327315074466,-0.9004471023526616,-0.4349655341115186,2.0701573612998048,,,,,,-7.556818949186363
-2.681592653589803,-1.1160060406745616,-2.2525155177135905,-0.8960524975255129,-0.4439481069657834,2.0183721553622362,,,,,,-7.063095777512276
-2.671592653589803,-1.1216190764525333,-2.2080597984159804,-0.8915682881953192,-0.45288628537930936,1.9686360947066373,,,,,,-6.614180760826513
-2.6615926535898033,-1.1274021691878884,-2.165537237202005,-0.8869949227792766,-0.46177917554170334,1.9208205344876406,,,,,,-6.205230265188611
-2.6515926535898036,-1.1333591288612304,-2.1248299873293215,-0.8823328586101158,-0.47062588817135925,1.8748073167807764,,,,,,-5.832002578338116
-2.6415926535898038,-1.1394939273245541,-2.08582964293269,-0.8775825618903689,-0.4794255386043864,1.8304877217117437,,,,,,-5.490773284020557
-2.631592653589804,-1.1458107054692628,-2.0484363136234287,-0.872744507645749,-0.48817724688307473,1.7877615419769521,,,,,,-5.178263884807029
-2.621592653589804,-1.1523137808171624,-2.0125578058710447,-0.8678191796776489,-0.49688013784388924,1.746536264144859,,,,,,-4.891581393820095
-2.6115926535898044,-1.159007655562428,-1.978108897063855,-0.8628070705147612,-0.5055333412049858,1.70672634263485,,,,,,-4.62816704226835
-2.6015926535898046,-1.165897025094721,-1.9450106902347595,-0.8577086813638254,-0.5141359916532395,1.6682525543597995,,,,,,-4.385752590187978
-2.591592653589805,-1.1729867870360193,-1.91319003918583,-0.8525245220595078,-0.5226872289307738,1.6310414237659108,,,,,,-4.162323000840109
-2.581592653589805,-1.1802820508263203,-1.8825790352119587,-0.8472551110134191,-0.5311861979209869,1.5950247094700436,,,,,,-3.9560844591129327
-2.5715926535898053,-1.1877881478961998,-1.8531145478589095,-0.8419009751622724,-0.5396320487340629,1.5601389449298093,,,,,,-3.7654368921016887
-2.5615926535898055,-1.195510642467287,-1.8247378131945018,-0.8364626499151915,-0.5480239367919584,1.5263250266251247,,,,,,-3.588950294406302
-2.5515926535898057,-1.203455343025097,-1.797394063955886,-0.8309406791001683,-0.5563610229128604,1.4935278441141153,,,,,,-3.42534427833725
-2.541592653589806,-1.2116283145123086,-1.7710321966875084,-0.8253356149096839,-0.5646424733951045,1.461695947077933,,,,,,-3.273470365450903
-2.531592653589806,-1.2200358912940128,-1.7456044716250605,-0.8196480178459054,-0.5728674601005437,1.4307812451104298,,,,,,-3.1322966148244378
-2.5215926535898063,-1.2286846909552624,-1.7210662416284186,-0.813878456662899,-0.5810351605373606,1.4007387365511534,,,,,,-3.0008942485334376
-2.5115926535898065,-1.2375816289824866,-1.6973757069360296,-0.808027508312465,-0.5891447579423191,1.3715262631456289,,,,,,-2.878425988566611
-2.5015926535898068,-1.246733934408767,-1.6744936929166918,-0.8020957578845607,-0.5971954413624365,1.3431042876929307,,,,,,-2.764135863955965
-2.491592653589807,-1.256149166485129,-1.6523834483421929,-0.7960837985492852,-0.6051864057360792,1.3154356922162196,,,,,,-2.6573402839784444
-2.481592653589807,-1.2658352324608735,-1.6310104620045132,-0.7899922314975616,-0.6131168519734688,1.2884855944748141,,,,,,-2.5574202041767364
-2.4715926535898074,-1.2758004065580375,-1.6103422957611384,-0.7838216658810172,-0.6209859870365907,1.2622211809021573,,,,,,-2.4638142378000505
-2.4615926535898076,-1.286053350233517,-1.590348432317509,-0.7775727187510717,-0.6287930240184955,1.2366115542786302,,,,,,-2.3760125869448876
-2.451592653589808,-1.2966031338308988,-1.5710001362516657,-0.7712460149972294,-0.6365371822219915,1.2116275946442017,,,,,,-2.2935516859083136
-2.441592653589808,-1.3074592597334138,-1.5522703269570552,-0.7648421872845937,-0.6442176872377112,1.1872418321268057,,,,,,-2.2160094646399835
-2.4315926535898083,-1.3186316871398176,-1.5341334623285925,-0.7583618759905985,-0.6518337710215543,1.1634283305114634,,,,,,-2.1430011531746542
-2.4215926535898085,-1.3301308585964342,-1.5165654321476865,-0.7518057291409725,-0.6593846719714879,1.1401625805057856,,,,,,-2.074175558939923
-2.4115926535898087,-1.3419677284313174,-1.499543460236327,-0.7451744023449373,-0.6668696350037102,1.1174214017718642,,,,,,-2.0092117581882984
-2.401592653589809,-1.3541537932505279,-1.4830460145509228,-0.7384685587296458,-0.6742879116281549,1.0951828528951653,,,,,,-1.9478161507675407
-2.391592653589809,-1.3667011246721321,-1.4670527244749927,-0.7316888688738712,-0.6816387600233422,1.0734261485494385,,,,,,-1.8897198342393768
-2.3815926535898093,-1.3796224044908723,-1.4515443046478556,-0.7248360107409492,-0.6889214451105575,1.0521315831946967,,,,,,-1.8346762591691126
-2.3715926535898095,-1.39293096248573,-1.436502484735292,-0.7179106696109819,-0.6961352386273613,1.031280460714153,,,,,,-1.7824591323896488
-2.3615926535898097,-1.4066408171040932,-1.4219099446091288,-0.7109135380123117,-0.7032794192004134,1.0108550294569658,,,,,,-1.732860539321347
-2.35159265358981,-1.420766719280189,-1.4077502544590852,-0.7038453156522667,-0.710353272416378,0.9908384222093136,,,,,,-1.6856892601169489
-2.34159265358981,-1.435324199672183,-1.394007819390823,-0.6967067093471929,-0.7173560908983975,0.9712146006520362,,,,,,-1.6407692575261628
-2.3315926535898104,-1.4503296196322846,-1.3806678281595222,-0.6894984329517722,-0.7242871743691127,0.9519683039429172,,,,,,-1.597938317264644
-2.3215926535898106,-1.4658002262576721,-1.3677162056368664,-0.6822212072876366,-0.7311458297259539,0.9330850010364484,,,,,,-1.5570468237927786
-2.311592653589811,-1.4817542119076375,-1.3551395687338958,-0.6748757600712886,-0.7379313711091013,0.9145508464519662,,,,,,-1.5179566567242708
-2.301592653589811,-1.4982107786145435,-1.3429251854770263,-0.6674628258413283,-0.7446431199700716,0.8963526391919859,,,,,,-1.4805401947138674
-2.2915926535898112,-1.5151902078636483,-1.3310609369802742,-0.6599831458850015,-0.751280405139573,0.8784777845528792,,,,,,-1.444679415281902
-2.2815926535898114,-1.5327139362703297,-1.3195352820781767,-0.6524374681640702,-0.7578425628946194,0.8609142585922479,,,,,,-1.4102650803804517
-2.2715926535898117,-1.5508046377435782,-1.3083372244055405,-0.644826547240019,-0.764328937024904,0.8436505750390145,,,,,,-1.3771959986886158
-2.261592653589812,-1.5694863127928464,-1.2974562817296194,-0.6371511441985975,-0.7707388788984204,0.826675754451685,,,,,,-1.3453783566586068
-2.251592653589812,-1.5887843857125352,-1.2868824573578075,-0.629412026573714,-0.7770717475263228,0.8099792954477386,,,,,,-1.314725111239917
-2.2415926535898123,-1.6087258104660054,-1.2766062134596414,-0.6216099682706815,-0.7833269096270257,0.7935511478428026,,,,,,-1.2851554380029933
-2.2315926535898125,-1.6293391861904902,-1.2666184461561178,-0.6137457494888283,-0.7895037396895327,0.7773816875524616,,,,,,-1.2565942290814993
-2.2215926535898127,-1.6506548833575574,-1.2569104622421086,-0.6058201566434797,-0.7956016200359848,0.7614616931223426,,,,,,-1.2289716359658212
-2.211592653589813,-1.6727051817529615,-1.2474739574192037,-0.597833982287315,-0.8016199408834295,0.7457823237636391,,,,,,-1.2022226527209345
-2.201592653589813,-1.6955244215873044,-1.2383009959267814,-0.589788025031115,-0.807558100404797,0.7303350987817193,,,,,,-1.1762867356785591
-2.1915926535898134,-1.7191491692179584,-1.2293839914685376,-0.5816830894639006,-0.8134155047890844,0.7151118782948805,,,,,,-1.1511074560745724
-2.1815926535898136,-1.743618399156596,-1.2207156893403093,-0.5735199860724738,-0.8191915683007344,0.7001048451489044,,,,,,-1.1266321824751402
-2.171592653589814,-1.7689736942602983,-1.2122891496727768,-0.5652995311601584,-0.8248857133382096,0.6853064879405678,,,,,,-1.1028117901645746
-2.161592653589814,-1.795259466256358,-1.2040977317097146,-0.5570225467660633,-0.8304973704917512,0.6707095850721853,,,,,,-1.0796003949621213
-2.151592653589814,-1.8225231990623285,-1.196135079048866,-0.548689860581468,-0.8360259786003205,0.6563071897599255,,,,,,-1.0569551091892295
-2.1415926535898144,-1.8508157176812396,-1.1883951057783788,-0.5403023058680481,-0.8414709848077141,0.642092615934361,,,,,,-1.0348358177487227
-2.1315926535898146,-1.8801914858763742,-1.1808719834470467,-0.5318607213742865,-0.8468318446178486,0.6280594249668308,,,,,,-1.0132049724733476
-2.121592653589815,-1.9107089362778729,-1.1735601288114663,-0.5233659512515991,-0.8521080219492111,0.6142014131663623,,,,,,-0.9920274030899365
-2.111592653589815,-1.9424308371198582,-1.166454192307655,-0.5148188449699199,-0.8572989891884649,0.6005125999941479,,,,,,-0.971270143306687
-2.1015926535898153,-1.9754247004386676,-1.1595490471987027,-0.5062202572327549,-0.8624042272432121,0.586987216946923,,,,,,-0.9509022706770842
-2.0915926535898155,-2.009763237304818,-1.1528397793537595,-0.4975710478917131,-0.8674232255939017,0.5736196970643014,,,,,,-0.9308947590243224
-2.0815926535898157,-2.0455248665341195,-1.146321677617033,-0.48887208186052133,-0.8723554823448809,0.5604046650184844,,,,,,-0.9112203423266672
-2.071592653589816,-2.0827942843529548,-1.1399902247285705,-0.48012422902853413,-0.8772005042745855,0.5473369277478702,,,,,,-0.891853389068657
-2.061592653589816,-2.121663103711221,-1.1338410887614616,-0.47132836417374485,-0.8819578068848596,0.5344114655989175,,,,,,-0.8727697861567307
-2.0515926535898164,-2.162230573382897,-1.127870115042692,-0.4624853668753096,-0.8866269144494072,0.521623423943217,,,,,,-0.8539468315819174
-2.0415926535898166,-2.2046043887173012,-1.1220733185272926,-0.45359612142558925,-0.8912073600613618,0.5089681052391197,,,,,,-0.8353631350878032
-2.0315926535898168,-2.248901607963622,-1.1164468765976114,-0.4446615167417212,-0.8956986856799806,0.49644096150945116,,,,,,-0.8169985261698962
-2.021592653589817,-2.2952496905621005,-1.110987122261599,-0.4356824462767285,-0.9001004421764437,0.4840375872088763,,,,,,-0.7988339687937155
-2.011592653589817,-2.3437876767704693,-1.1056905377258222,-0.4266598079301752,-0.9044121893787697,0.4717537124563115,,,,,,-0.7808514822739825
-2.0015926535898174,-2.394667531591059,-1.1005537483206769,-0.41759450395837727,-0.9086334961158319,0.45958519660950586,,,,,,-0.7630340678070273
-1.9915926535898174,-2.44805568033006,-1.0955735167568423,-0.4084874408841774,-0.9127639402604741,0.44752802216048093,,,,,,-0.7453656401933567
-1.9815926535898174,-2.5041347684430844,-1.0907467376934816,-0.39933952940629386,-0.9168031087717239,0.4355782889319652,,,,,,-0.7278309643278424
-1.9715926535898174,-2.5631056848390257,-1.0860704326000539,-0.39015168430825137,-0.920750597736096,0.4237322085563022,,,,,,-0.710415596071621
-1.9615926535898174,-2.6251898958331186,-1.0815417448948497,-0.38092482436690334,-0.924606012407984,0.41198609921954477,,,,,,-0.6931058271529349
-1.9515926535898174,-2.690632146854269,-1.077157935344519,-0.3716598722605548,-0.9283689672491333,0.40033638065458693,,,,,,-0.6758886337741461
-1.9415926535898174,-2.7597036013322382,-1.0729163777099326,-0.36235775447669566,-0.9320390859671956,0.38877956936824143,,,,,,-0.6587516286293419
-1.9315926535898174,-2.8327055015841425,-1.0688145546247059,-0.35301940121935266,-0.9356160015533576,0.3773122740881428,,,,,,-0.6416830160616032
-1.9215926535898173,-2.909973455863022,-1.0648500536936458,-0.3436457463160695,-0.9390993563190418,0.36593119141625957,,,,,,-0.6246715501113772
-1.9115926535898173,-2.99188248018284,-1.0610205637992245,-0.33423772712452526,-0.9424888019316736,0.35463310167663514,,,,,,-0.6077064952277
-1.9015926535898173,-3.0788529546384917,-1.057323871604974,-0.32479628443879893,-0.9457839994495172,0.3434148649457412,,,,,,-0.5907775894324547
-1.8915926535898173,-3.171357693768941,-1.0537578582454556,-0.31532236239538425,-0.9489846193555659,0.3322734172546575,,,,,,-0.5738750097447805
-1.8815926535898173,-3.269930381883042,-1.0503204961931116,-0.3058169083783777,-0.9520903415904971,0.32120576695222103,,,,,,-0.5569893396869685
-1.8715926535898173,-3.375175690979655,-1.0470098462929753,-0.29628087292538746,-0.9551008555846752,0.31020899122115847,,,,,,-0.5401115387102
-1.8615926535898173,-3.4877814863169214,-1.04382405495679,-0.28671520963201014,-0.9580158602892092,0.29928023273587095,,,,,,-0.5232329133856657
-1.8515926535898173,-3.608533640043352,-1.040761351507574,-0.27712087505660227,-0.9608350642070539,0.2884166964548709,,,,,,-0.5063450902229953
-1.8415926535898173,-3.738334127074916,-1.0378200456738482,-0.267498828624625,-0.963558185418078,0.2776156465409092,,,,,,-0.4894399899905174
-1.8315926535898173,-3.87822328419979,-1.0349985252098957,-0.25785003253270244,-0.9661849516135319,0.2668744033966707,,,,,,-0.4725098034052331
-1.8215926535898173,-4.029407394413094,-1.0322952536583496,-0.24817545165240248,-0.9687151001189838,0.25619034081529235,,,,,,-0.45554696809851686
-1.8115926535898172,-4.193293144537061,-1.029708768231743,-0.23847605343375056,-0.9711483779216914,0.24556088323403458,,,,,,-0.43854414674124415
-1.8015926535898172,-4.371531040778359,-1.0272376778144892,-0.22875280780848536,-0.9734845416959014,0.23498350308673266,,,,,,-0.421494206237776
-1.7915926535898172,-4.566070622195438,-1.0248806610788517,-0.21900668709306656,-0.9757233578271827,0.22445571824863128,,,,,,-0.4043901978984886
-1.7815926535898172,-4.779231389856095,-1.0226364647100181,-0.20923866589144377,-0.9778646024357864,0.2139750895678667,,,,,,-0.38722533850744045
-1.7715926535898172,-5.013794930362665,-1.0205039017357174,-0.19944972099759703,-0.9799080613990367,0.20353921847814802,,,,,,-0.36999299220720094
-1.7615926535898172,-5.27312600960579,-1.018481849956146,-0.18964083129785822,-0.9818535303727387,0.19314574468746404,,,,,,-0.35268665312781877
-1.7515926535898172,-5.561333853324128,-1.0165692504702306,-0.1798129776730233,-0.9837008148116164,0.1827923439378856,,,,,,-0.3352999286913789
-1.7415926535898172,-5.883490084826523,-1.0147651062945655,-0.16996714290026468,-0.985449729988765,0.1724767258317707,,,,,,-0.3178265235276847
-1.7315926535898172,-6.245927984627572,-1.0130684810715993,-0.16010431155485494,-0.9871001010141233,0.162196631719891,,,,,,-0.30026022394027024
-1.7215926535898172,-6.656660821814834,-1.0114784978638987,-0.1502254699117095,-0.9886517628519641,0.15194983264719425,,,,,,-0.28259488286527734
-1.7115926535898172,-7.125978456285762,-1.0099943380315626,-0.14033160584676044,-0.9901045603373965,0.14173412735210494,,,,,,-0.2648244052687294
-1.7015926535898172,-7.667317619433286,-1.008615240190065,-0.13042370873816925,-0.9914583481918819,0.13154734031542764,,,,,,-0.24694273393041183
-1.6915926535898171,-8.298564466608337,-1.0073404992460298,-0.12050276936737526,-0.9927129910377633,0.12138731985506099,,,,,,-0.22894383556494788
-1.6815926535898171,-9.04406250629376,-1.0061694655086415,-0.11056977982008642,-0.9938683634118008,0.11125193626298453,,,,,,-0.21082168723298822
-1.6715926535898171,-9.937815768800776,-1.0051015438745805,-0.10062573338695256,-0.9949243497777204,0.10113907998073796,,,,,,-0.19257026299665442
-1.6615926535898171,-11.028808691889841,-1.0041361930845727,-0.09067162446433233,-0.9958808445377644,0.09104665981040869,,,,,,-0.17418352077621585
-1.651592653589817,-12.390276596132837,-1.003272925049802,-0.08070844845482406,-0.9967377520432542,0.08097260115750252,,,,,,-0.15565538936507808
-1.641592653589817,-14.136832902965159,-1.0025113042466256,-0.07073720166772665,-0.9974949866041533,0.07091484430266923,,,,,,-0.1369797555622495
-1.631592653589817,-16.458499233862536,-1.001850947178181,-0.06075888121940974,-0.9981524724976362,0.06087134269915224,,,,,,-0.11815045138211872
-1.621592653589817,-19.694931446526404,-1.0012915219016438,-0.05077448493360306,-0.9987101439756615,0.0508400612929395,,,,,,-0.09916124130224177
-1.611592653589817,-24.51881143481582,-1.000832747620049,-0.04078501124161493,-0.999167945271546,0.040818974862660055,,,,,,-0.08000580951045325
-1.601592653589817,-32.47653829333028,-1.0004743943377348,-0.030791459082490032,-0.9995258306055411,0.030806066376329357,,,,,,-0.060677747113055056
-1.591592653589817,-48.08888101733271,-1.0002162825786265,-0.020794827803116676,-0.9997837641894123,0.020799325362096027,,,,,,-0.04117053926609442
-1.581592653589817,-92.62589453233186,-1.0000582831667137,-0.010796117058291314,-0.9999417202300157,0.010796746290181684,,,,,,-0.021477552191822204
-1.571592653589817,-1255.7659896264925,-1.000000317068222,-7.963267107571802E-4,-0.9999996829318787,7.963269632470744E-4,,,,,,-0.001592020042351889
-1.561592653589817,108.6538054742125,-1.0000423552951159,0.009203543268784418,-0.9999576464987792,-0.009203933087575679,,,,,,0.018492968427756558
-1.551592653589817,52.07657178267141,-1.0001844188697229,0.019202492901668925,-0.9998156151343257,-0.019206034203705712,,,,,,0.038784483418651323
-1.541592653589817,34.24713561004663,-1.0004265788503879,0.029199522301264904,-0.9995736030415365,-0.029211978199920052,,,,,,0.05928976791138324
-1.531592653589817,25.514349009366644,-1.0007689564182247,0.039193631772963804,-0.9992316344214185,-0.03922376996766916,,,,,,0.08001625180321559
-1.521592653589817,20.331888842342522,-1.0012117230251543,0.04918382191414666,-0.9987897434705487,-0.04924341908362512,,,,,,0.10097156639306659
-1.511592653589817,16.900715174572404,-1.0017551006035723,0.05916909371412446,-0.998247974377655,-0.05927294142621494,,,,,,0.12216355925927261
-1.501592653589817,14.461640419486129,-1.0023993618381242,0.0691484486540382,-0.9976063813191937,-0.06931436080290418,,,,,,0.14360030957317077
-1.491592653589817,12.63888734165982,-1.0031448305001986,0.07912088880670991,-0.9968650284539368,-0.07936971059103207,,,,,,0.16529014389353705
-1.481592653589817,11.225181790567762,-1.0039918818459181,0.08908541693643438,-0.9960239899165532,-0.08944103539503898,,,,,,0.18724165248864916
-1.471592653589817,10.096824855053134,-1.0049409430785297,0.09904103659870186,-0.9950833498101952,-0.09953039272297462,,,,,,0.2094637062346882
-1.461592653589817,9.175427099610713,-1.0059924938762606,0.10898675223984147,-0.9940432021980896,-0.10963985468523224,,,,,,0.23196547414136545
-1.451592653589817,8.408903497616373,-1.0071470669868616,0.1189215692965753,-0.9929036510941308,-0.11977150971852062,,,,,,0.25475644155807
-1.441592653589817,7.761293996051773,-1.0084052488902138,0.12884449429550116,-0.9916648104524802,-0.12992746433818858,,,,,,0.27784642911655794
-1.431592653589817,7.206971652086057,-1.0097676805305433,0.1387545349523541,-0.9903268041561687,-0.1401098449219328,,,,,,0.3012456124687488
-1.421592653589817,6.727179879910727,-1.0112350581199516,0.14865070027134022,-0.9888897660047117,-0.15032079952846025,,,,,,0.3249645428824111
-1.411592653589817,6.307874725207711,-1.0128081340151647,0.15853200064417436,-0.9873538397007258,-0.1605624997541171,,,,,,0.3490141687595422
-1.4015926535898169,5.938332273910326,-1.0144877176695573,0.16839744794905373,-0.9857191788355626,-0.17083714263121358,,,,,,0.37340585814743577
-1.3915926535898169,5.610222320804435,-1.016274676662741,0.17824605564946894,-0.9839859468739455,-0.18114695257157298,,,,,,0.39815142231589007
-1.3815926535898169,5.316975795034901,-1.0181699378108722,0.18807683889285712,-0.9821543171369421,-0.19149418335920576,,,,,,0.4232631404792584
-1.3715926535898169,5.053342716592755,-1.0201744883560357,0.19788881460908628,-0.9802244727874484,-0.201881120195207,,,,,,0.4487537857437076
-1.3615926535898168,4.815076931706269,-1.0222893772486494,0.2076810016087615,-0.9781966068075184,-0.21231008180099656,,,,,,0.474636652375401
-1.3515926535898168,4.598707141850633,-1.0245157165109968,0.21745242068134293,-0.9760709219820605,-0.22278342258139677,,,,,,0.5009255844744925
-1.3415926535898168,4.401367871854034,-1.0268546826967582,0.22720209469306632,-0.9738476308777873,-0.23330353485408745,,,,,,0.5276350061630622
-1.3315926535898168,4.220672836664138,-1.02930751844549,0.23692904868465534,-0.9715269558219571,-0.2438728511492533,,,,,,0.5547799533918867
-1.3215926535898168,4.054618797214509,-1.0318755341367531,0.2466323099688168,-0.969109128880142,-0.25449384658445406,,,,,,0.5823761074819095
-1.3115926535898168,3.9015116715687026,-1.0345601096480894,0.25631090822750874,-0.9665943918330224,-0.2651690413198528,,,,,,0.6104398305239942
-1.3015926535898168,3.7599091143875243,-1.0373626962213613,0.26596387560897106,-0.9639829961522074,-0.27590100309920496,,,,,,0.6389882027694676
-1.2915926535898168,3.62857543589624,-1.0402848184422728,0.27559024682451033,-0.9612752029750895,-0.2866923498822969,,,,,,0.6680390621536529
-1.2815926535898168,3.506445873650515,-1.043328076338264,0.2851890592450278,-0.958471283078731,-0.297545752574834,,,,,,0.6976110461051421
-1.2715926535898168,3.3925980289732247,-1.0464941476003204,0.29475935299728145,-0.9555715168527846,-0.30846393786211196,,,,,,0.7277236358050305
-1.2615926535898168,3.286228846066751,-1.0497847899346395,0.3043001710598726,-0.9525761942714571,-0.31944969115316324,,,,,,0.7583972030728017
-1.2515926535898168,3.186635918315815,-1.053201843550518,0.31381055935894775,-0.949485614864511,-0.330505859642463,,,,,,0.7896530600691596
-1.2415926535898167,3.0932022016729066,-1.0567472337912673,0.3232895668634811,-0.9463000876873113,-0.3416353554965606,,,,,,0.8215135120205168
-1.2315926535898167,3.0053834320149466,-1.0604229739154478,0.3327362456808229,-0.9430199312899217,-0.3528411591743193,,,,,,0.8540019131883445
-1.2215926535898167,2.92269770445867,-1.0642311680362204,0.342149651150876,-0.9396454736852489,-0.3641263228874821,,,,,,0.8871427263174567
-1.2115926535898167,2.844716793303736,-1.0681740142271714,0.35152884194093764,-0.9361770523162412,-0.3754939742126802,,,,,,0.920961585827057
-1.2015926535898167,2.7710588825981017,-1.0722538078035428,0.36087288013974483,-0.9326150140221455,-0.3869473198628729,,,,,,0.9554853650192162
-1.1915926535898167,2.701382446923893,-1.0764729447884451,0.3701808313512645,-0.928959715003823,-0.3984896496289304,,,,,,0.9907422476080605
-1.1815926535898167,2.6353810755323615,-1.0808339255742978,0.37945176478813203,-0.9252115207881294,-0.4101243405020519,,,,,,1.0267618038960658
-1.1715926535898167,2.572779074412605,-1.085339358790478,0.3886847533647293,-0.9213708061913632,-0.4218548609885104,,,,,,1.0635750719514006
-1.1615926535898167,2.513327713217736,-1.0899919653889383,0.397878873789893,-0.9174379552817834,-0.43368477562898283,,,,,,1.101214644170125
-1.1515926535898167,2.456802009368181,-1.0947945829603993,0.4070332066592421,-0.913413361341204,-0.44561774973553897,,,,,,1.1397147596397323
-1.1415926535898167,2.4029979617225194,-1.0997501702946368,0.41614683654711837,-0.9092974268256648,-0.45765755436026784,,,,,,1.1791114027563874
-1.1315926535898166,2.3517301621641895,-1.1048618121993525,0.42521885209812754,-0.9050905633251879,-0.46980807151046566,,,,,,1.2194424085874458
-1.1215926535898166,2.302829726213014,-1.1101327245931911,0.4342483461182744,-0.9007931915226178,-0.4820732996263671,,,,,,1.26074757551402
-1.1115926535898166,2.2561424940302244,-1.1155662598895963,0.44323441566568156,-0.8964057411515534,-0.4944573593385151,,,,,,1.303068785735658
-1.1015926535898166,2.2115274614773575,-1.1211659126894373,0.4521761621408825,-0.8919286509533757,-0.5069644995230895,,,,,,1.3464501342712691
-1.0915926535898166,2.168855407623857,-1.1269353258016783,0.46107269137668083,-0.8873623686333738,-0.5195991036748364,,,,,,1.3909380671476952
-1.0815926535898166,2.1280076905937,-1.132878296612802,0.4699231137275667,-0.8827073508159743,-0.5323656966186697,,,,,,1.4365815295303446
-1.0715926535898166,2.08887518814611,-1.1389987838272688,0.47872654415868016,-0.8779640629990801,-0.545268951582568,,,,,,1.4834321246197661
-1.0615926535898166,2.0513573630939224,-1.145300914602994,0.48748210233431405,-0.8731329795075201,-0.5583136976560802,,,,,,1.5315442842146714
-1.0515926535898166,2.015361436728885,-1.1517889921076605,0.4961889127059467,-0.8682145834456174,-0.5715049276605784,,,,,,1.5809754519264385
-1.0415926535898166,1.9808016559674635,-1.1584675035236975,0.5048461045997964,-0.8632093666488799,-0.5848478064593896,,,,,,1.6317862801235976
-1.0315926535898166,1.9475986420503806,-1.165341128531922,0.5134528123038874,-0.858117829634816,-0.5983476797381012,,,,,,1.6840408417881014
-1.0215926535898165,1.9156788104013807,-1.172414748306207,0.5220081751546211,-0.8529404815528844,-0.6120100832876875,,,,,,1.7378068585795576
-1.0115926535898165,1.8849738527377793,-1.1796934550541254,0.5305113376228413,-0.8476778401335787,-0.6258407528256753,,,,,,1.7931559465303577
-1.0015926535898165,1.8554202737772638,-1.18718256214131,0.5389614493993862,-0.8423304316366553,-0.6398456343933573,,,,,,1.8501638809351493
-0.9915926535898165,1.8269589759427998,-1.1948876148403471,0.5473576654801191,-0.836898790798508,-0.6540308953701202,,,,,,1.9089108821542038
-0.9815926535898165,1.799534886363396,-1.2028144017483526,0.5556991462504279,-0.8313834607786941,-0.6684029361492788,,,,,,1.9694819242236226
-0.9715926535898165,1.7730966212297707,-1.2109689669210275,0.5639850575691852,-0.8257849931056196,-0.6829684025234524,,,,,,2.0319670683582887
-0.9615926535898165,1.7475961832120372,-1.2193576227743603,0.5722145708524182,-0.820103947621811,-0.6977341988314555,,,,,,2.0964618236474344
-0.9515926535898165,1.7229886882063805,-1.2279869638140029,0.5803868631552034,-0.8143408924261716,-0.7127075019234914,,,,,,2.163067537489501
-0.9415926535898165,1.6992321181374055,-1.2368638812433643,0.5885011172553276,-0.808496403819913,-0.7278957760044809,,,,,,2.231891818557169
-0.9315926535898165,1.6762870969762933,-1.2459955785301242,0.5965565217341421,-0.8025710662470246,-0.743306788424051,,,,,,2.3030489954235387
-0.9215926535898165,1.6541166874620945,-1.2553895879927375,0.6045522710579122,-0.7965654722363247,-0.7589486264834662,,,,,,2.376660614271165
-0.9115926535898164,1.632686206331538,-1.265053788489457,0.6124875656583683,-0.7904802223422092,-0.7748297153388038,,,,,,2.452855979507691
-0.9015926535898164,1.6119630561208667,-1.2749964242943823,0.6203616120126633,-0.7843159250845956,-0.7909588370856446,,,,,,2.531772741522312
-0.8915926535898164,1.5919165718319273,-1.2852261252534218,0.6281736227227233,-0.7780731968880723,-0.8073451511183305,,,,,,2.613557536290171
-0.8815926535898164,1.5725178809529365,-1.2957519283215035,0.6359228165939874,-0.7717526620202557,-0.8239982158653011,,,,,,2.6983666820621814
-0.8715926535898164,1.5537397754971032,-1.3065833005916707,0.6436084187135264,-0.7653549525293656,-0.8409280120113053,,,,,,2.786366938974497
-0.8615926535898164,1.5355565948730654,-1.3177301639369996,0.6512296605275324,-0.7588807081810186,-0.8581449673275818,,,,,,2.877736338084815
-0.8515926535898164,1.5179441185330453,-1.3292029213976222,0.6587857799181757,-0.7523305763942545,-0.87565998324245,,,,,,2.972665087102036
-0.8415926535898164,1.5008794674602788,-1.34101248545775,0.6662760212798136,-0.745705212176793,-0.8934844632973435,,,,,,3.0713565609343183
-0.8315926535898164,1.4843410136588275,-1.3531703083715185,0.6736996355945519,-0.7390052780595344,-0.9116303436472595,,,,,,3.174028386152183
-0.8215926535898164,1.468308296898272,-1.365688414711961,0.6810558805071456,-0.732231444030307,-0.9301101257800624,,,,,,3.2809136295647976
-0.8115926535898164,1.452761948044538,-1.3785794363346067,0.6883440203992337,-0.7253843874668688,-0.9489369116462726,,,,,,3.392262102357997
-0.8015926535898164,1.4376836183776824,-1.3918566499663199,0.6955633264629005,-0.7184647930691699,-0.9681244414100824,,,,,,3.508341792664273
-0.7915926535898163,1.4230559143589743,-1.405534017651284,0.7027130767735554,-0.7114733527908835,-0.9876871340536306,,,,,,3.6294404410539025
-0.7815926535898163,1.4088623373641216,-1.4196262303097937,0.7097925563621261,-0.7044107657702112,-1.007640131090317,,,,,,3.7558672752829194
-0.7715926535898163,1.39508722794787,-1.434148754692014,0.7168010572865532,-0.69727773825997,-1.0279993436694292,,,,,,3.8879549227430243
-0.7615926535898163,1.3817157142481742,-1.449117884038539,0.7237378787025845,-0.6900749835569658,-1.0487815033840302,,,,,,4.026061521472588
-0.7515926535898163,1.3687336641764192,-1.4645507927927464,0.7306023269338597,-0.6828032219306671,-1.0700042171272095,,,,,,4.170573053354834
-0.7415926535898163,1.3561276410742948,-1.4804655957472057,0.7373937155412759,-0.6754631805511766,-1.0916860263790604,,,,,,4.321905926306965
-0.7315926535898163,1.3438848625483522,-1.496881412048183,0.744111365391632,-0.6680555934165151,-1.1138464713485277,,,,,,4.480509835919231
-0.7215926535898163,1.3319931622205328,-1.5138184345293018,0.7507546047255413,-0.6605812012792237,-1.1365061604412836,,,,,,4.64687094121584
-0.7115926535898163,1.320440954157315,-1.531298004898408,0.7573227692246068,-0.653040751572287,-1.1596868455777778,,,,,,4.8215153940744555
-0.7015926535898163,1.3092171997619846,-1.5493426953614189,0.7638152020778521,-0.6454349983343921,-1.1834115039453263,,,,,,5.005013267469083
-0.6915926535898163,1.2983113769341486,-1.5679763973344967,0.7702312540474032,-0.6377647021345244,-1.207704426835679,,,,,,5.197982934226367
-0.6815926535898162,1.2877134513182515,-1.5872244179723258,0.7765702835334095,-0.6300306299959125,-1.23259131629592,,,,,,5.401095955564907
-0.6715926535898162,1.277413849478702,-1.60711358532699,0.7828316566382059,-0.6222335553193248,-1.2580993904072941,,,,,,5.61508254751176
-0.6615926535898162,1.267403433853534,-1.627672363050415,0.7890147472297,-0.6143742578057315,-1.284257498104992,,,,,,5.840737703584936
-0.6515926535898162,1.2576734793514135,-1.6489309756654718,0.7951189370039856,-0.6064535233783345,-1.3110962445640748,,,,,,6.078928064169422
-0.6415926535898162,1.2482156514684446,-1.6709215455586262,0.8011436155471733,-0.5984721441039758,-1.3386481283045086,,,,,,6.330599637122895
-0.6315926535898162,1.2390219858117788,-1.6936782429930874,0.8070881803964302,-0.5904309181139321,-1.3669476913143137,,,,,,6.596786490722757
-0.6215926535898162,1.2300848689265471,-1.7172374506085697,0.8129520371002252,-0.5823306495241012,-1.3960316836570341,,,,,,6.87862055958669
-0.6115926535898162,1.2213970203312792,-1.7416379440655658,0.8187345992777765,-0.5741721483545916,-1.4259392442214915,,,,,,7.177342727245967
-0.6015926535898162,1.212951475675529,-1.7669210907131938,0.8244352886772077,-0.565956230448505,-1.4567120994919787,,,,,,7.4943153763338985
-0.5915926535898162,1.2047415709357059,-1.7931310684088284,0.8300535352352073,-0.5576837173912615,-1.4883947824728325,,,,,,7.831036629722137
-0.5815926535898162,1.1967609275857405,-1.8203151069259904,0.8355887771313927,-0.5493554364270062,-1.5210348741900888,,,,,,8.189156544517918
-0.5715926535898161,1.1890034386620134,-1.8485237547009312,0.8410404608461863,-0.5409722203768963,-1.554683270538794,,,,,,8.570495566762155
-0.5615926535898161,1.1814632556699534,-1.8778111740884968,0.8464080412157601,-0.5325349075555519,-1.5893944776333113,,,,,,8.977065609828697
-0.5515926535898161,1.1741347762713068,-1.9082354687398722,0.8516909814865499,-0.5240443416872252,-1.6252269392785084,,,,,,9.411094185600243
-0.5415926535898161,1.1670126326998869,-1.9398590472546853,0.8568887533689309,-0.5155013718214287,-1.6622434007135092,,,,,,9.875052097184458
-0.5315926535898161,1.1600916808570776,-1.9727490278839235,0.8620008370900465,-0.5069068522480296,-1.7005113134045176,,,,,,10.37168529821365
-0.5215926535898161,1.153366990042106,-2.0069776897927,0.8670267214457846,-0.4982616424118246,-1.7401032863957995,,,,,,10.904051640531604
-0.5115926535898161,1.1468338332754906,-2.0426229772534406,0.871965903851898,-0.48956660682659303,-1.781097590589451,,,,,,11.475563374163555
-0.5015926535898161,1.1404876781772204,-2.0797690641560393,0.8768178903942616,-0.480822614988648,-1.823578723340546,,,,,,12.09003643701242
-0.4915926535898161,1.1343241783640639,-2.118506987423664,0.8815821958782648,-0.47203054128988703,-1.8676380419564012,,,,,,12.75174778449764
-0.48159265358981607,1.1283391653330535,-2.1589353593495817,0.8862583438773293,-0.4631912649303535,-1.9133744761153668,,,,,,13.465502271237888
-0.47159265358981606,1.122528640800594,-2.201161170569362,0.890845866780552,-0.45430566983031756,-1.960895330919558,,,,,,14.236710920532625
-0.46159265358981605,1.1168887694688698,-2.2453006974130876,0.8953443058394654,-0.4453746445418848,-2.0103171943261886,,,,,,15.07148281908496
-0.45159265358981604,1.1114158721932637,-2.29148052981706,0.8997532112139123,-0.4363990821601416,-2.061766965137057,,,,,,15.976733375150078
-0.44159265358981603,1.1061064195263788,-2.339838738905623,0.9040721420170291,-0.4273798802338466,-2.115383020656831,,,,,,16.96031230538884
-0.431592653589816,1.1009570256159955,-2.390526206896068,0.9083006663593349,-0.41831794067567674,-2.171316546673152,,,,,,18.03115550481068
-0.421592653589816,1.0959644424358774,-2.443708146278141,0.9124383613919189,-0.4092141696720361,-2.229733056710111,,,,,,19.199465952131536
-0.411592653589816,1.0911255543298308,-2.4995658404581564,0.9164848133487259,-0.4000694775924388,-2.290814132745145,,,,,,20.476930071525047
-0.401592653589816,1.08643737285077,-2.5582986444702125,0.9204396175879319,-0.3908847788984722,-2.3547594259918867,,,,,,21.876977593367545
-0.391592653589816,1.081897031877807,-2.620126292243226,0.9243023786324088,-0.3816609920523518,-2.4217889642377277,,,,,,23.415095041239585
-0.381592653589816,1.0775017829955482,-2.685291566658815,0.9280727102092708,-0.37239903942507596,-2.492145821971145,,,,,,25.10920566844381
-0.37159265358981597,1.0732489911208498,-2.754063400741808,0.9317502352885026,-0.36309984720418914,-2.5660992216406333,,,,,,26.98013217583781
-0.36159265358981596,1.0691361303632987,-2.826740493445398,0.93533458612066,-0.35376434530116385,-2.643948149507261,,,,,,29.05216313891981
-0.35159265358981595,1.0651607801065872,-2.903655542483513,0.938825404273647,-0.34439346725841125,-2.7260255885434996,,,,,,31.353750134803775
-0.34159265358981594,1.0613206212988398,-2.985180220657155,0.942222340668557,-0.3349881501559262,-2.8127034948250644,,,,,,33.91837061541766
-0.33159265358981593,1.0576134329407174,-3.0717310526278916,0.9455250556145812,-0.32554933451758145,-2.9043986743690233,,,,,,36.78560235962817
-0.3215926535898159,1.0540370887608905,-3.1637763881357532,0.9487332188429768,-0.3160779642170752,-3.0015797564154405,,,,,,40.00246989722078
-0.3115926535898159,1.0505895540691448,-3.26184471797943,0.9518465095400946,-0.30657498638361186,-3.1047755094705147,,,,,,43.62514312123231
-0.3015926535898159,1.0472688827780428,-3.366534644419953,0.9548646163794585,-0.2970413513069009,-3.214584811772215,,,,,,47.721095540965
-0.2915926535898159,1.0440732145846416,-3.4785269031575936,0.9577872375528999,-0.2874780123425986,-3.331688673328755,,,,,,52.37186740838331
-0.2815926535898159,1.0410007723043504,-3.598598946892593,0.9606140808007361,-0.2778859258166306,-3.456864819539725,,,,,,57.67663189963855
-0.2715926535898159,1.0380498593495093,-3.7276427506744865,0.9633448634409978,-0.2682660509296547,-3.5910054966053386,,,,,,63.75683754885535
-0.26159265358981587,1.0352188573457746,-3.8666867011701025,0.9659793123976961,-0.2586193496611424,-3.735139360853611,,,,,,70.76230765669062
-0.25159265358981586,1.0325062238798421,-4.016922706107497,0.9685171642281305,-0.248946786673181,-3.8904585882428213,,,,,,78.87933344312292
-0.24159265358981585,1.0299104903724705,-4.179740036409885,0.9709581651492322,-0.2392493292140084,-4.058352716553326,,,,,,88.34152721592277
-0.23159265358981584,1.0274302600711624,-4.356767936007588,0.9733020710629424,-0.2295279470212889,-4.240451255256807,,,,,,99.44454422438794
-0.22159265358981584,1.02506420615724,-4.549929768993088,0.9755486475806227,-0.21978361222514048,-4.438677832728023,,,,,,112.56630063567367
-0.21159265358981583,1.0228110699624013,-4.7615125209530005,0.9776976700464927,-0.21001729925092236,-4.65531969763295,,,,,,128.19511426530522
-0.20159265358981582,1.0206696592901765,-4.9942569859825765,0.9797489235600956,-0.20022998472179315,-4.893117905998917,,,,,,146.969448354152
-0.1915926535898158,1.0186388468380083,-5.251476197072064,0.9817022029977888,-0.19042264736104972,-5.155385751656095,,,,,,169.73494430199213
-0.1815926535898158,1.0167175687152101,-5.537212987067546,0.9835573130340065,-0.18059626789425526,-5.446166327257161,,,,,,197.62770755087686
-0.1715926535898158,1.014904823057659,-5.856452643245088,0.9853140681578846,-0.17075182895116783,-5.770445178889814,,,,,,232.1982971290581
-0.16159265358981578,1.013199668724614,-6.215414521390782,0.9869722926960395,-0.16089031496747808,-6.134441920233318,,,,,,275.6002925972827
-0.15159265358981577,1.011601224089076,-6.621959080028214,0.9885318208273991,-0.15101271208636635,-6.546017266824818,,,,,,330.88397014341143
-0.14159265358981576,1.0101086659079896,-7.086167395736066,0.9899924966004495,-0.14112000805988953,-7.015252551433453,,,,,,402.46602746432836
-0.13159265358981576,1.0087212282737765,-7.621184909938397,0.9913541739488311,-0.13121319215020635,-7.555293470903276,,,,,,496.9038401220329
-0.12159265358981576,1.007438201643992,-8.244481523291803,0.9926167167059439,-0.12129325503063611,-8.183610180592728,,,,,,624.2161519156549
-0.11159265358981577,1.0062589319467916,-8.979789204780166,0.9937799986185637,-0.11136118868666482,-8.923934903521427,,,,,,800.2262897855246
-0.10159265358981577,1.005182819760084,-9.860183940924022,0.9948439033594694,-0.10141798631662113,-9.80934387963121,,,,,,1050.914141404712
-0.09159265358981578,1.004209319562444,-10.933186590928669,0.9958083245390731,-0.0914646422324582,-10.887358220985737,,,,,,1420.946050199817
-0.08159265358981578,1.003337939054022,-12.26961470834702,0.9966731657160606,-0.0815021517602912,-12.228795733484565,,,,,,1991.5051572933871
-0.07159265358981579,1.0025682385458732,-13.979852851573561,0.9974383404070349,-0.0715315111408659,-13.944041227408087,,,,,,2920.6053499445707
-0.061592653589815784,1.0018998304162854,-16.245972489610605,0.9981037720951644,-0.061553717429935685,-16.215166423234617,,,,,,4543.624903149152
-0.05159265358981578,1.001332378632851,-19.391205953680053,0.9986693942378354,-0.051569768398557,-19.365403903302767,,,,,,7657.774798361198
-0.04159265358981578,1.0008655983391823,-24.049640902277496,0.9991351502733047,-0.0415806624333131,-24.02884157691604,,,,,,14476.311365389636
-0.03159265358981578,1.0004992555053225,-31.658194390748754,0.9995009936263568,-0.0315873984364763,-31.642396749969734,,,,,,32715.556743502922
-0.021592653589815776,1.0002331666410473,-46.31564653144787,0.9997668877129615,-0.02159097572611903,-46.304849785159256,,,,,,101475.48330523635
-0.011592653589815776,1.0000671985714131,-86.26345908405742,0.9999328059439314,-0.01159239393618071,-86.25766269235105,,,,,,649317.8075289862
-0.0015926535898157755,1.0000012682740262,-627.8831939049425,0.9999987317275822,-0.0015926529165094896,-627.882397578006,,,,,,2.4792890170149106E8
0.008407346410184225,,,,,-2.9691418014900206,-6.894133766583996,-2.0753410578614746,-4.778649382703718,-4.349714118435091,78.31077161518938
0.018407346410184225,,,,,-2.482236439048472,-5.763574525979676,-1.7350088145645173,-3.9950054326240045,-3.636410655363397,54.991989541529605
0.028407346410184227,,,,,-2.2126404897888037,-5.1375921171258385,-1.5465693327415373,-3.5611074908474882,-3.241459728405579,43.848460290749244
0.03840734641018423,,,,,-2.025245273359455,-4.7024738992510455,-1.4155856975013825,-3.2595065249177555,-2.9669306984276624,36.844972553529715
0.04840734641018423,,,,,-1.8814666089634986,-4.368630178944701,-1.3150887238251265,-3.0281036914401134,-2.756298762243616,31.88430897932844
0.05840734641018423,,,,,-1.7647860662543313,-4.097706348701587,-1.233532524381781,-2.8403136023608764,-2.5853648567918657,28.1220232167059
0.06840734641018423,,,,,-1.6665911966790838,-3.869704922261025,-1.164897255969004,-2.6822750564601896,-2.441511972993927,25.13869515674589
0.07840734641018422,,,,,-1.581817870783519,-3.672867355167076,-1.10564324400021,-2.5458376518009422,-2.3173212952938624,22.697590018165897
0.08840734641018422,,,,,-1.5072344138681242,-3.499689931141403,-1.0535116447966677,-2.4258002086010912,-2.208058505829316,20.652935845859584
0.09840734641018421,,,,,-1.440651920249819,-3.345090168581405,-1.0069724789435837,-2.318639819067551,-2.1105169157352295,18.909098111901233
0.10840734641018421,,,,,-1.380518877924175,-3.205465568174445,-0.9649412860884956,-2.221859420958801,-2.0224236010080423,17.40022672524331
0.1184073464101842,,,,,-1.3256954459629144,-3.0781695012454513,-0.9266213516128228,-2.13362451107073,-1.9421087248699982,16.07921594821474
0.1284073464101842,,,,,-1.2753195749112953,-2.9612003509462763,-0.8914101288054461,-2.0525476743284847,-1.8683094076963518,14.911310468695559
0.1384073464101842,,,,,-1.2287234822362556,-2.853007574252129,-0.8588408577063361,-1.9775541562060959,-1.8000473657585707,13.87020285156095
0.14840734641018422,,,,,-1.1853793368632168,-2.7523655853615905,-0.828544600227006,-1.9077944453607776,-1.7365493405089867,12.935546874008754
0.15840734641018422,,,,,-1.1448626924905851,-2.658288850482219,-0.8002246811341902,-1.8425854218229525,-1.6771935293547975,12.09131501288507
0.16840734641018423,,,,,-1.1068271348651277,-2.5699730206269646,-0.7736389672558048,-1.781369553360062,-1.6214724445878197,11.324679872443802
0.17840734641018424,,,,,-1.0709862536099284,-2.4867530714949972,-0.7485872663294545,-1.7236858802529824,-1.5689665025898116,10.62523214566879
0.18840734641018425,,,,,-1.0371005374115096,-2.4080728750385108,-0.7249021671313196,-1.669148923913347,-1.519324825628617,9.984421225925448
0.19840734641018426,,,,,-1.0049676623403991,-2.3334626496413953,-0.7024422513035397,-1.6174330565384714,-1.4722510145049519,9.395146973520944
0.20840734641018427,,,,,-0.974415170737684,-2.262521961020242,-0.6810869761155163,-1.568260718233811,-1.4274924233150637,8.85145645704243
0.21840734641018428,,,,,-0.9452948675526693,-2.1949067109233202,-0.6607327576720229,-1.5213933982663437,-1.3848319502337836,8.348315082287465
0.2284073464101843,,,,,-0.9174784722308935,-2.1303190411271973,-0.6412899317133514,-1.4766246370482907,-1.3440816676456024,7.881431391164132
0.2384073464101843,,,,,-0.8908542030176545,-2.0684994024351346,-0.6226803661459326,-1.4337745287857164,-1.3050778182397822,7.447121215503698
0.2484073464101843,,,,,-0.86532406356374,-2.0092202543706996,-0.6048355644611331,-1.3926853544389188,-1.2676768399596003,7.042201113853898
0.2584073464101843,,,,,-0.8408016653791096,-1.9522810090717926,-0.5876951436956945,-1.353218077096829,-1.2317521759546526,6.663903888879629
0.2684073464101843,,,,,-0.8172104639594219,-1.8975039357032744,-0.5712056015370855,-1.3152495031321716,-1.1971916905529227,6.309810957679301
0.27840734641018433,,,,,-0.7944823177236414,-1.8447308144137082,-0.5553193090641144,-1.2786699629010152,-1.163895558142534,5.977797728863087
0.28840734641018434,,,,,-0.7725563013647271,-1.7938201810209862,-0.5399936813146543,-1.2433814009043813,-1.1317745247619297,5.6659891212174145
0.29840734641018435,,,,,-0.7513777215491692,-1.744645041537429,-0.5251904892891449,-1.2092957916177622,-1.1007484661257585,5.372723064960685
0.30840734641018436,,,,,-0.7308972949155702,-1.6970909635415974,-0.5108752853962566,-1.1763338165308728,-1.070745183414561,5.096520341283518
0.31840734641018437,,,,,-0.7110704572945418,-1.6510544722365628,-0.49701692061831854,-1.144423752379963,-1.0416993913002104,4.836059495853549
0.3284073464101844,,,,,-0.6918567797746018,-1.6064416945969093,-0.4835871363588969,-1.1135005313421353,-1.0135518624979143,4.5901558446086685
0.3384073464101844,,,,,-0.6732194723791848,-1.5631672069424396,-0.47056021752791216,-1.083504942234308,-0.9862487006661761,4.357743803702052
0.3484073464101844,,,,,-0.6551249600522007,-1.5211530504071307,-0.4579126961682636,-1.0543829480882976,-0.959740719236868,4.137861937633772
0.3584073464101844,,,,,-0.6375425186446029,-1.4803278857261193,-0.44562309702135866,-1.0260851002938012,-0.9339829081451895,3.9296402434175937
0.3684073464101844,,,,,-0.6204439610191248,-1.4406262643934722,-0.4336717181237401,-0.9985660334034591,-0.9089339739814205,3.7322892854954963
0.3784073464101844,,,,,-0.6038033651884521,-1.4019879974185687,-0.4220404407838223,-0.971784027588122,-0.8845559417205412,3.545090870277805
0.38840734641018443,,,,,-0.5875968379338993,-1.3643576064656655,-0.4107125643584371,-0.9457006281957874,-0.8608138084298524,3.367390008727921
0.39840734641018444,,,,,-0.5718023084632847,-1.3276838447423198,-0.39967266202587765,-0.9202803136567609,-0.8376752409832271,3.1985879611924126
0.40840734641018445,,,,,-0.5563993476627466,-1.2919192773151025,-0.38890645444833927,-0.8954902045806759,-0.8151103112698059,3.0381361963098397
0.41840734641018446,,,,,-0.5413690092132301,-1.2570199121935053,-0.3784006987171103,-0.8712998080433446,-0.7930912634338586,2.8855311249593205
0.42840734641018446,,,,,-0.526693689470404,-1.2229448749811829,-0.3681430904128359,-0.8476807920721832,-0.7715923086025717,2.7403094942088
0.4384073464101845,,,,,-0.5123570035202778,-1.1896561210860088,-0.3581221769721134,-0.8246067861654237,-0.75058944331081,2.6020443456383453
0.4484073464101845,,,,,-0.49834367521349493,-1.15711818038761,-0.3483272808247605,-0.8020532043091353,-0.7300602884042673,2.4703414579080634
0.4584073464101845,,,,,-0.4846394393251905,-1.125297930059593,-0.3387484310064917,-0.7799970875095914,-0.7099839457062498,2.3448362063510215
0.4684073464101845,,,,,-0.47123095427915906,-1.0941643919213364,-0.3293763021557289,-0.7584169633282353,-0.6903408701608919,2.2251907830347517
0.4784073464101845,,,,,-0.4581057240913605,-1.0636885511964238,-0.3202021599544532,-0.7372927202545996,-0.6711127554824593,2.111091729288185
0.4884073464101845,,,,,-0.44525202838417255,-1.0338431940107717,-0.3112178122102673,-0.7166054950685911,-0.6522824316280829,2.002247739943927
0.4984073464101845,,,,,-0.43265885950020394,-1.0046027613754243,-0.30241556490083665,-0.6963375716290771,-0.633833772671159,1.8983877046845115
0.5084073464101845,,,,,-0.4203158658597691,-0.9759432176666832,-0.29378818258246353,-0.6764722897112582,-0.615751613821551,1.7992589567156518
0.5184073464101845,,,,,-0.4082133008384125,-0.9478419319233949,-0.28532885265701,-0.6569939627282174,-0.5980216765325149,1.7046257033519447
0.5284073464101845,,,,,-0.3963419765250124,-0.9202775704765925,-0.2770311530501995,-0.6378878033074594,-0.580630500757547,1.6142676165348275
0.5384073464101845,,,,,-0.3846932218196325,-0.8932299996557201,-0.26888902292327194,-0.6191398558520042,-0.5635653835648448,1.5279785644250576
0.5484073464101845,,,,,-0.37325884438475987,-0.8666801974421439,-0.2608967360780403,-0.6007369353032669,-0.5468143233968791,1.4455654676220981
0.5584073464101845,,,,,-0.3620310960372203,-0.8406101731116672,-0.2530488767668778,-0.5826665714414946,-0.5303659693704662,1.3668472658259754
0.5684073464101845,,,,,-0.35100264120793817,-0.8150028940003614,-0.24534031764703587,-0.5649169581237078,-0.514209575071151,1.2916539825100526
0.5784073464101845,,,,,-0.340166528156749,-0.7898422186674304,-0.2377661996606616,-0.5474769069557284,-0.4983349563836694,1.21982587686009
0.5884073464101846,,,,,-0.3295161626521339,-0.7651128357814458,-0.23032191363772148,-0.5303358049313462,-0.4827324529334568,1.1512126734732957
0.5984073464101846,,,,,-0.31904528386931075,-0.7408002081574493,-0.22300308344949057,-0.5134835756417943,-0.4673928927779897,1.085672861548558
0.6084073464101846,,,,,-0.30874794228716274,-0.7168905214352086,-0.215805550559168,-0.4969106437022261,-0.45230756002637085,1.023073056287005
0.6184073464101846,,,,,-0.2986184793840367,-0.6933706369343214,-0.20872535982984936,-0.48060790207336485,-0.43746816509421205,0.9632874160560683
0.6284073464101846,,,,,-0.28865150896558606,-0.6702280482988102,-0.20175874647324882,-0.4645666820098254,-0.42286681734941817,0.9061971096924815
0.6384073464101846,,,,,-0.2788418999648821,-0.6474508415602163,-0.194902124027493,-0.4487787253779615,-0.4084959999148055,0.8516898288981436
0.6484073464101846,,,,,-0.26918476057946256,-0.6250276583049679,-0.18815207326939357,-0.4332361591254301,-0.39434854642929834,0.7996593413007558
0.6584073464101846,,,,,-0.2596754236239284,-0.6029476616641629,-0.18150533197635205,-0.4179314717071059,-0.38041761958987086,0.7500050802414615
0.6684073464101846,,,,,-0.2503094329832881,-0.5812005048592087,-0.17495878545765342,-0.4028574912825792,-0.36669669130605514,0.7026317677533973
0.6784073464101846,,,,,-0.24108253107590805,-0.5597763020916936,-0.16850945779144474,-0.3880073655385536,-0.35317952433349564,0.6574490676420314
0.6884073464101846,,,,,-0.2319906472317629,-0.538665601558521,-0.16215450370148082,-0.37337454298436135,-0.3398601552483937,0.6143712658422245
0.6984073464101846,,,,,-0.22302988690926553,-0.5178593604141628,-0.15589120102001158,-0.3589527555971206,-0.3267328786504488,0.5733169755686794
0.7084073464101847,,,,,-0.21419652167867148,-0.4973489215128458,-0.14971694368648242,-0.3447360027006468,-0.31379223248881155,0.5342088650193173
0.7184073464101847,,,,,-0.20548697990744308,-0.477125991780636,-0.14362923523688292,-0.3307185359741245,-0.3010329844163885,0.496973405623184
0.7284073464101847,,,,,-0.19689783809021566,-0.4571826220842442,-0.13762568274365353,-0.3168948454982264,-0.2884501190884723,0.46154063903221954
0.7384073464101847,,,,,-0.188425812768292,-0.437511188468673,-0.13170399116765444,-0.3032596467500413,-0.27603882632501525,0.4278439612227638
0.7484073464101847,,,,,-0.18006775299444328,-0.4181043746610262,-0.12586195809128742,-0.28980786847563905,-0.26379449007176187,0.39581992225785106
0.7584073464101847,,,,,-0.1718206332968281,-0.3989551557332349,-0.1200974688004864,-0.27653464136593514,-0.25171267809257697,0.3654080403766198
0.7684073464101847,,,,,-0.16368154710401897,-0.3800567828354421,-0.11440849168900809,-0.263435287474679,-0.23978913233728308,0.33655062922216517
0.7784073464101847,,,,,-0.15564770059513128,-0.3614027689164434,-0.10879307395985666,-0.2505053103206183,-0.22801975993226267,0.30919263712579825
0.7884073464101847,,,,,-0.14771640694240712,-0.3429868753553818,-0.1032493376010225,-0.23774038562129532,-0.21640062474599567,0.2832814974677712
0.7984073464101847,,,,,-0.13988508091711974,-0.32480309943704483,-0.09777547561517128,-0.22513635261158493,-0.20492793948685237,0.25876698922725083
0.8084073464101847,,,,,-0.1321512338301867,-0.3068456626043327,-0.09236974848328428,-0.2126892059009257,-0.19359805829122578,0.23560110690894764
0.8184073464101848,,,,,-0.12451246878494758,-0.28910899943554885,-0.08703048084649233,-0.20039508783295998,-0.18240746976897637,0.2137379391188226
0.8284073464101848,,,,,-0.11696647621757658,-0.2715877472895593,-0.08175605838895811,-0.18825028130810548,-0.17135279047025506,0.1931335551135922
0.8384073464101848,,,,,-0.10951102970522365,-0.2542767365725974,-0.07654492490789247,-0.17625120303701816,-0.16043075874454052,0.17374589871664356
0.8484073464101848,,,,,-0.10214398202267891,-0.23717098158212235,-0.07139557955728117,-0.16439439719403875,-0.1496382289637573,0.1555346890428032
0.8584073464101848,,,,,-0.09486326143003172,-0.22026567188703028,-0.06630657425306985,-0.15267652944241036,-0.1389721660837945,0.13846132752283435
0.8684073464101848,,,,,-0.08766686817563947,-0.20355616420779937,-0.061276511228844234,-0.14109438130602392,-0.12842964052144767,0.12248881076287561
0.8784073464101848,,,,,-0.08055287119860215,-0.18703797475987305,-0.05630404073095866,-0.12964484486225575,-0.11800782332363145,0.10758164881002695
0.8884073464101848,,,,,-0.07351940501868962,-0.17070677203229442,-0.05138785884468857,-0.11832491773649853,-0.1077039816112052,0.09370578843676292
0.8984073464101848,,,,,-0.06656466679986228,-0.15455836996941272,-0.04652670544171956,-0.10713169837608029,-0.09751547427710877,0.08082854108239387
0.9084073464101848,,,,,-0.05968691357644346,-0.13858872153025478,-0.04171936224132504,-0.09606238158596088,-0.08743974792277828,0.06891851512357755
0.9184073464101848,,,,,-0.05288445963113948,-0.12279391260047648,-0.036964650977680945,-0.08511425430881825,-0.0774743330170151,0.05794555217067625
0.9284073464101849,,,,,-0.04615567401502231,-0.10717015623394041,-0.03226143166640798,-0.07428469163361436,-0.06761684026282601,0.047880667111197386
0.9384073464101849,,,,,-0.039498978200472754,-0.09171378720301904,-0.027608600964049296,-0.06357115301815305,-0.05786495715904717,0.03869599164376108
0.9484073464101849,,,,,-0.03291284385827679,-0.07642125683717207,-0.023005090614327556,-0.052971178711454625,-0.04821644474384911,0.03036472106539512
0.9584073464101849,,,,,-0.026395790751603518,-0.0612891281329148,-0.018449865976098646,-0.04248238636424405,-0.03866913450947018,0.02286106409458405
0.9684073464101849,,,,,-0.019946384739098388,-0.04631407111714401,-0.013941924627573755,-0.032102467815053506,-0.029220925476800975,0.0161601955276584
0.9784073464101849,,,,,-0.01356323588061069,-0.031492858448773565,-0.009480295042279712,-0.021829186041508443,-0.01986978142032534,0.01023821154251151
0.9884073464101849,,,,,-0.007244996639235864,-0.016822361244005886,-0.0050640353323404995,-0.011660372266626261,-0.0106137282341599,0.005072087477137054
0.9984073464101849,,,,,-9.903601738564356E-4,-0.0022995451117347374,-6.922320550145665E-4,-0.001593923210766971,-0.0014508514306717753,6.396379233798227E-4
1.0084073464101848,,,,,0.005201941283230502,0.012078533613487041,0.003636000921294884,0.008372201519474641,0.007620706236254212,-0.0030805210119714847
1.0184073464101848,,,,,0.011333137968635073,0.026314731452607862,0.007921523495076565,0.018239981913540173,0.016602747030676112,-0.006109007415850109
1.0284073464101848,,,,,0.01740442405484582,0.04041182118827901,0.012165170357079971,0.028011339917906667,0.025497020383668807,-0.008465707374550532
1.0384073464101848,,,,,0.023416959046206862,0.05437249510621323,0.016367751966061536,0.03768814168282517,0.03430522493839359,-0.010169806994454689
1.0484073464101848,,,,,0.02937186910801448,0.06819936808125146,0.020530055477783287,0.047272199701419194,0.04302901049718945,-0.011239822747619265
1.0584073464101849,,,,,0.03527024833251149,0.08189498051691067,0.02465284562990493,0.05676527484722401,0.051669979876221336,-0.01169363024427271
1.0684073464101849,,,,,0.04111315994535817,0.09546180114672272,0.02873686558527084,0.06616907831592676,0.060229690672928125,-0.01154849152720177
1.0784073464101849,,,,,0.04690163745592194,0.10890222970512407,0.032782837735928036,0.07548527347668621,0.06870965695116647,-0.010821080976452915
1.0884073464101849,,,,,0.05263668575440921,0.12221859947491732,0.03679146446998846,0.08471547763789838,0.07711135084848,-0.009527509906757062
1.098407346410185,,,,,0.05831928215893039,0.13541317971848066,0.04076342890349598,0.09386126373238268,0.08543620411002179,-0.007683349934485426
1.108407346410185,,,,,0.06395037741503008,0.1484881779986052,0.044699395579068026,0.10292416192606368,0.09368560955283962,-0.005303655185830536
1.118407346410185,,,,,0.06953089665036545,0.1614457423951894,0.048600011133187127,0.11190566115446662,0.1018609224644545,-0.0024029834131147065
1.128407346410185,,,,,0.07506174028688631,0.17428796362325588,0.05246590493378747,0.12080721059081477,0.1099634619391804,0.0010045839182618033
1.138407346410185,,,,,0.08054378491277288,0.1870168770575279,0.05629768968971318,0.12963022104935892,0.11799451215548991,0.004905422513810279
1.148407346410185,,,,,0.08597788411624294,0.19963446466846976,0.060095962033524526,0.1383760663273384,0.12595532359751965,0.00928634705023558
1.158407346410185,,,,,0.09136486928321205,0.21214265687439654,0.06386130307903852,0.14704608448876555,0.13384711422362144,0.014134593840876758
1.168407346410185,,,,,0.0967055503607413,0.22454333431414475,0.06759427895495597,0.15564157909314758,0.14167107058479297,0.019437804318497648
1.178407346410185,,,,,0.1020007165876602,0.23683832954352618,0.07129544131554495,0.16416382037137864,0.149428348895021,0.025184009290202425
1.188407346410185,,,,,0.10725113719482413,0.24902942866127536,0.07496532783009978,0.17261404635276079,0.1571200760571399,0.03136161392322573
1.198407346410185,,,,,0.11245756207558694,0.26111837286583883,0.07860446265158126,0.180993463944088,0.16474735064505647,0.03795938342121377
1.208407346410185,,,,,0.11762072242861407,0.2731068599479408,0.08221335686592375,0.189303249964214,0.17231124384545402,0.04496642935462328
1.218407346410185,,,,,0.12274133137417144,0.28499654572156174,0.08579250892280259,0.19754455213593078,0.1798128003606391,0.05237219661026077
1.228407346410185,,,,,0.1278200845452252,0.2967890453964295,0.08934240504879516,0.2057184900373073,0.18725303927448736,0.06016645092735204
1.238407346410185,,,,,0.13285766065457943,0.3084859348948722,0.09286351964379307,0.21382615601446203,0.1946329548832849,0.06833926698946613
1.248407346410185,,,,,0.13785472203920665,0.32008875211571464,0.09635631566147289,0.22186861605762942,0.20195351749315824,0.07688101704344089
1.258407346410185,,,,,0.14281191518286399,0.3315989981477553,0.0998212449745891,0.22984691064227786,0.20921567418569315,0.08578236001817288
1.268407346410185,,,,,0.14772987121802542,0.3430181384352172,0.1032587487258098,0.23776205553693883,0.2164203495532521,0.09503423111772127
1.278407346410185,,,,,0.15260920640810532,0.3543476038974361,0.1066692576647764,0.24561504257931543,0.2235684464054189,0.10462783186467015
1.288407346410185,,,,,0.1574505226110881,0.365588792005375,0.11005319247216691,0.2534068404224657,0.23066084644820398,0.11455462057148821
1.298407346410185,,,,,0.1622544077243656,0.37674306781450484,0.11341096407062379,0.2611383952507406,0.23769841093571925,0.12480630321630559
1.308407346410185,,,,,0.1670214361140899,0.38781176496173114,0.1167429739248589,0.26881063147080103,0.24468198129916874,0.13537482470805925
1.318407346410185,,,,,0.17175216902673032,0.39879618662099897,0.12004961432931929,0.2764244523739928,0.2516123797497685,0.14625236051569465
1.328407346410185,,,,,0.17644715498575117,0.40969760642435094,0.12333126868545324,0.28398074077477536,0.25849040985986943,0.15743130864789615
1.338407346410185,,,,,0.18110693017328977,0.4205172693481556,0.12658831176849156,0.2914803596250084,0.2653168571221048,0.16890428196475138
1.3484073464101851,,,,,0.1857320187976282,0.4312563925663507,0.12982110998429947,0.29892415260537514,0.2720924894877273,0.18066410080560535
1.3584073464101851,,,,,0.1903229334470893,0.4419161662721641,0.13303002161673919,0.3063129446949558,0.2788180578850568,0.19270378591798237
1.3684073464101851,,,,,0.1948801754309538,0.45249775446969903,0.13621539706596084,0.31364754271991263,0.2854942967189154,0.20501655167327687
1.3784073464101851,,,,,0.19940423510796554,0.46300229573669943,0.13937757907801773,0.3209287358821987,0.29212192435187845,0.21759579955568814
1.3884073464101852,,,,,0.20389559220296363,0.4734309039597469,0.14251690296618277,0.32815729626915763,0.2987016435681324,0.2304351119116032
1.3984073464101852,,,,,0.208354716112152,0.48378466904307516,0.14563369682432262,0.33533397934483594,0.3052341420206868,0.24352824594731515
1.4084073464101852,,,,,0.21278206619749324,0.4940646575921307,0.14872828173267028,0.34245952442379174,0.31172009266265327,0.256869127963604
1.4184073464101852,,,,,0.21717809207099592,0.5042719135736681,0.1518009719565333,0.3495346551286375,0.3181601541637189,0.2704518478172819
1.4284073464101852,,,,,0.22154323386758867,0.5144074589493437,0.1548520751370247,0.356560079829214,0.3245549713098997,0.2842706535939697
1.4384073464101852,,,,,0.2258779225111333,0.5244722942933789,0.157881892476998,0.36353649207072175,0.3309051753932427,0.29831994649514254
1.4484073464101852,,,,,0.23018257996873553,0.5344673993830518,0.16089071891880294,0.37046457098301855,0.33721138458438443,0.3125942759140384
1.4584073464101852,,,,,0.23445761949747537,0.5443937337715865,0.1638788433167425,0.37734498167771646,0.3434742042940042,0.3270883347031389
1.4684073464101852,,,,,0.23870344588248707,0.554252237340959,0.16684654860348372,0.384178375631357,0.3496942275216054,0.341796954620514
1.4784073464101852,,,,,0.24292045566695977,0.5640438308359409,0.16979411195082128,0.3909653910555827,0.3558720351924599,0.35671510194780415
1.4884073464101852,,,,,0.24710903737438508,0.5737694163801428,0.17272180492502176,0.3977066532548308,0.3620081964831951,0.37183787327232637
1.4984073464101852,,,,,0.2512695717233642,0.5834298779747811,0.17562989363696752,0.40440277497205207,0.36810326913648067,0.3871604914261647
1.5084073464101853,,,,,0.2554024318352701,0.5930260819808545,0.17851863888730615,0.41105435672293,0.3741577997652478,0.4026783015754503
1.5184073464101853,,,,,0.259507983435049,0.6025588775853906,0.18138829630680497,0.4176619871190586,0.3801723241468587,0.41838676745338355
1.5284073464101853,,,,,0.2635865850454317,0.6120290972523909,0.18423911649209873,0.42422624318051344,0.3861473675076207,0.4342814677308616
1.5384073464101853,,,,,0.2676385881748117,0.6214375571590696,0.18707134513701065,0.4307476906382294,0.39208344479802243,0.4503580925188722
1.5484073464101853,,,,,0.27166433749903623,0.63078505761796,0.18988522315961925,0.4372268842265825,0.3979810609590533,0.46661243999709157
1.5584073464101853,,,,,0.2756641710377699,0.6400723834864183,0.19268098682553092,0.44366436796723624,0.4038407111805715,0.4830404131651626
1.5684073464101853,,,,,0.27963842032322694,0.6493003045584068,0.19545886786581892,0.4500606754407053,0.40966288114849225,0.4996380167015904
1.5784073464101853,,,,,0.2835874105673011,0.6584695759525585,0.198219093593842,0.45641633005534105,0.41544804728962825,0.5164013539493799
1.5884073464101853,,,,,0.287511460819855,0.6675809384797131,0.20096188701588402,0.46273184530208844,0.4211966770035803,0.5333266239933103
1.5984073464101853,,,,,0.29141088412373584,0.6766351190028522,0.2036874669395052,0.46900772500397375,0.4269092288898302,0.5504101188464645
1.6084073464101853,,,,,0.2952859876646335,0.6856328307850599,0.20639604807828865,0.4752444635572927,0.43258615296727965,0.5676482207334088
1.6184073464101854,,,,,0.299137072916296,0.6945747738267011,0.2090878411533412,0.4814425461653248,0.43822789088698666,0.5850373994674214
1.6284073464101854,,,,,0.3029644357812701,0.7034616351922128,0.2117630529916673,0.4876024490648472,0.443834876138347,0.6025742099179839
1.6384073464101854,,,,,0.3067683667273355,0.7122940893268933,0.21442188662153225,0.49372463974571695,0.44940753424896657,0.6202552895649383
1.6484073464101854,,,,,0.3105491509197874,0.7210727983640534,0.2170645413649236,0.49980957716377145,0.45494628297845174,0.6380773561358677
1.6584073464101854,,,,,0.31430706834971844,0.7297984124228769,0.21969121292721655,0.5058577119472902,0.46045153250633936,0.6560372053234079
1.6684073464101854,,,,,0.3180423939584447,0.7384715698973304,0.22230209348414406,0.5118694865972512,0.46592368561437725,0.674131708579361
1.6784073464101854,,,,,0.321755397758214,0.747092897736438,0.2248973717661681,0.5178453356816027,0.47136313786335865,0.6923578109826058
1.6884073464101854,,,,,0.3254463449493286,0.7556630117162325,0.22747723314034524,0.5237856860237659,0.4767702777647042,0.7107125291779481
1.6984073464101854,,,,,0.32911549603427054,0.7641825167047455,0.23004185969009627,0.5296909568863112,0.48214548694765197,0.7291929493855007
1.7084073464101854,,,,,0.3327631069262906,0.7726520069141437,0.23259143029110732,0.535561560145727,0.4874891403183381,0.7477962254645365
1.7184073464101854,,,,,0.33638942905899283,0.7810720661551767,0.23512612068792565,0.541397900468788,0.4928016062203347,0.7665195770616542
1.7284073464101855,,,,,0.3399947094887628,0.7894432680750071,0.23764610356555427,0.5472003754774079,0.4980832465847049,0.7853602877992798
1.7384073464101855,,,,,0.34357919099614576,0.7977661763926035,0.2401515486203118,0.5529693759118002,0.5033344170785184,0.8043157035323479
1.7484073464101855,,,,,0.3471431121839492,0.8060413451265285,0.24264262262840366,0.5587052857883695,0.5085554672485707,0.8233832306592817
1.7584073464101855,,,,,0.3506867075725511,0.8142693188162363,0.24511948951253953,0.5644084825531035,0.5137467406610052,0.8425603344870989
1.7684073464101855,,,,,0.3542102076925042,0.8224506327370942,0.2475823104066608,0.5700793372306135,0.5189085750369776,0.8618445376486082
1.7784073464101855,,,,,0.35771383917452887,0.830585813109339,0.25003124371884305,0.5757182145689732,0.5240413023844921,0.881233418569769
1.7884073464101855,,,,,0.36119782483698415,0.8386753773011784,0.2524664451924358,0.5813254731804971,0.5291452491265447,0.9007246099853916
1.7984073464101855,,,,,0.3646623837708986,0.8467198340262273,0.25488806796549607,0.5869014656785929,0.5342207362256909,0.9203157975013945
1.8084073464101855,,,,,0.3681077314226457,0.8547196835354728,0.25729626262857647,0.5924465388108221,0.5392680793051627,0.9400047182019354
1.8184073464101855,,,,,0.3715340796743371,0.8626754178039431,0.2596911772809176,0.5979610335882882,0.5442875887666436,0.9597891592997877
1.8284073464101855,,,,,0.3749416369220133,0.8705875207122594,0.26207295758510085,0.6034452854114797,0.5492795699048146,0.9796669568284129
1.8384073464101855,,,,,0.3783306081517014,0.8784564682232369,0.26444174682021027,0.6088996241926798,0.5542443230187774,0.9996359943742318
1.8484073464101856,,,,,0.38170119501394095,0.8862827285549291,0.2667976859339245,0.6143243744759124,0.559182143521233,1.0196942018508466
1.8584073464101856,,,,,0.38505359589375526,0.8940667623430948,0.26914091359142406,0.6197198555495548,0.5640933220409873,1.039839554295391
1.8684073464101856,,,,,0.38838800598362583,0.901809022810641,0.2714715662263987,0.6250863815637872,0.5689781445298573,1.0600700707303432
1.8784073464101856,,,,,0.3917046173498295,0.9095099559216517,0.2737897780874146,0.6304242616373571,0.5738368923598527,1.0803838130318222
1.8884073464101856,,,,,0.3950036189992726,0.9171700005365735,0.27609568128463013,0.6357337999651456,0.5786698424210867,1.1007788848451812
1.8984073464101856,,,,,0.3982851969441222,0.9247895885622822,0.27838940583497035,0.6410152959221861,0.5834772672164582,1.1212534305303552
1.9084073464101856,,,,,0.40154953426474144,0.9323691450982172,0.28067107970611754,0.6462690441649563,0.5882594349538518,1.14180563413855
1.9184073464101856,,,,,0.4047968111709799,0.939909088578691,0.28294082885935096,0.6514953347300203,0.593016609635925,1.1624337184191555
1.9284073464101856,,,,,0.4080272050618711,0.9474098309115037,0.28519877729127396,0.6566944531301083,0.5977490511475647,1.1831359438558713
1.9384073464101856,,,,,0.4112408905837856,0.9548717776129695,0.2874450470744609,0.6618666804477102,0.6024570153410791,1.203910607731034
1.9484073464101856,,,,,0.41443803968708753,0.96229532793947,0.28967975839705845,0.6670122934262613,0.6071407541191987,1.2247560432172064
1.9584073464101857,,,,,0.4176188216813421,0.9696808750156415,0.2919030296013742,0.6721315645589947,0.6118005155159532,1.2456706184950987
1.9684073464101857,,,,,0.42078340328911623,0.9770288059592958,0.2941149772214815,0.6772247621755303,0.6164365437754883,1.2666527358969448
1.9784073464101857,,,,,0.42393194869841616,0.9843395020031778,0.2963157160198718,0.6822921505262703,0.621049079428886,1.287700831074484
1.9884073464101857,,,,,0.42706461961380343,0.9916133386136519,0.29850535902318304,0.6873339898646667,0.6256383593690468,1.308813372190725
1.9984073464101857,,,,,0.43018157530622836,0.9988506856064122,0.3006840175570322,0.6923505365274251,0.6302046169236956,1.3299888591347129
2.0084073464101855,,,,,0.4332829726622728,1.006051907260821,0.302851801280434,0.6973420430137582,0.6347480819275204,1.3512258227630292
2.0184073464101853,,,,,0.43636896622902893,1.0132173624241134,0.3050088182171702,0.7023087580576158,0.6392689807879194,1.37252282414114
2.028407346410185,,,,,0.43943970826392503,1.0203474046270902,0.3071551747906161,0.7072509267078753,0.643767536557993,1.3938784538474647
2.038407346410185,,,,,0.4424953487774792,1.0274423821833876,0.3092909758536241,0.7121687903971515,0.6482439689991781,1.4152913312569955
2.0484073464101846,,,,,0.4455360355778331,1.0345026382928824,0.3114163247196517,0.7170625870134717,0.6526984946464885,1.4367601038640776
2.0584073464101844,,,,,0.4485619143136555,1.0415285111413104,0.31353132319274946,0.7219325509693251,0.6571313268713672,1.4582834466202568
2.068407346410184,,,,,0.45157312851600284,1.0485203339974642,0.31563607159682056,0.7267789132690355,0.6615426759430112,1.4798600612903463
2.078407346410184,,,,,0.4545698196391739,1.0554784353080546,0.31773066880417694,0.7316019015745145,0.6659327490882228,1.5014886758262
2.0884073464101838,,,,,0.4575521271005821,1.0624031387902904,0.3198152122634085,0.7364017402694327,0.6703017505498207,1.5231680437575887
2.0984073464101836,,,,,0.46052018831967584,1.0692947635222496,0.32188979802658774,0.7411786505218604,0.6746498816436582,1.5448969435996607
2.1084073464101833,,,,,0.4634741387559336,1.0761536240311012,0.3239545207758269,0.7459328503454177,0.6789773408142845,1.5666741782764433
2.118407346410183,,,,,0.4664141119459606,1.0829800303792403,0.32600947384920764,0.7506645546589799,0.6832843236892903,1.5884985745599152
2.128407346410183,,,,,0.4693402395397109,1.089774288248394,0.32805474926609873,0.755373975344974,0.6875710231323721,1.6103689825241285
2.1384073464101827,,,,,0.4722526513358614,1.096536699021757,0.3300904377518821,0.7600613213063119,0.6918376292951547,1.6322842750139461
2.1484073464101825,,,,,0.4751514753163612,1.1032675598642128,0.33211662876210113,0.7647267985219943,0.6960843296678046,1.6542433471279259
2.1584073464101823,,,,,0.47803683768017696,1.109967163800687,0.3341334105060482,0.7693706101014229,0.7003113091284664,1.6762451157149112
2.168407346410182,,,,,0.4809088628769932,1.1166357997943988,0.3361408699703197,0.773992956338638,0.7045187499926325,1.6982885188895778
2.178407346410182,,,,,0.4837676736365921,1.1232737528150778,0.3381390929393522,0.7785940347596041,0.7087068320561841,1.7203725155334741
2.1884073464101816,,,,,0.48661339100442214,1.129881303921551,0.3401281640202832,0.783174040179455,0.7128757326474979,1.7424960848617501
2.1984073464101814,,,,,0.4894461343697076,1.1364587303270128,0.34210816666259936,0.7877331647477347,0.7170256266686261,1.7646582259503112
2.208407346410181,,,,,0.49226602149614435,1.1430063054702975,0.3440791831795917,0.7922715979978,0.7211566866402651,1.7868579572998762
2.218407346410181,,,,,0.4950731685512758,1.1495242990840875,0.3460412947688885,0.7967895268940995,0.7252690827447897,1.8090943164065363
2.228407346410181,,,,,0.4978676901352087,1.1560129772615901,0.34799458153252694,0.8012871358783897,0.7293629828683219,1.8313663593433929
2.2384073464101806,,,,,0.5006496993086862,1.1624726025217218,0.3499391224965751,0.8057646069149171,0.7334385526418565,1.8536731603529217
2.2484073464101804,,,,,0.5034193076205343,1.1689034338728355,0.35187499563031643,0.8102221195345914,0.7374959554814702,1.8760138114497489
2.25840734641018,,,,,0.5061766251345012,1.17530572687504,0.35380227786500945,0.8146598508781816,0.7415353526276393,1.8983874220335588
2.26840734641018,,,,,0.5089217604555012,1.181679733701137,0.35572104511223146,0.8190779757385541,0.7455569031836874,1.9207931185117901
2.2784073464101797,,,,,0.511654820755283,1.1880257031962218,0.35763137228182035,0.8234766666019849,0.7495607641533891,1.9432300439318797
2.2884073464101795,,,,,0.514375911797536,1.194343880935975,0.3595333332994223,0.8278560936885649,0.7535470904777481,1.9656973576227452
2.2984073464101793,,,,,0.517085137962449,1.2006345092836905,0.3614270011236586,0.832216424991728,0.757516035070978,1.988194234845265
2.308407346410179,,,,,0.5197826022707351,1.2068978274460558,0.3633124477629174,0.8365578263169149,0.7614677488556947,2.0107198664514607
2.318407346410179,,,,,0.5224684064071382,1.2131340715277346,0.3651897442917845,0.8408804613194079,0.7654023807973558,2.0332734585521672
2.3284073464101787,,,,,0.525142650744214,1.219343474586584,0.36705896086766565,0.8451844915426032,0.7693200779390975,2.0558542321995437
2.3384073464101784,,,,,0.5278054343618154,1.2255262666788986,0.3689201667444062,0.849470076449373,0.7732209854302812,2.0784614230454084
2.3484073464101782,,,,,0.5304568550735138,1.2316826749207572,0.37077343029075843,0.853737373464587,0.7771052465651984,2.1010942810699964
2.358407346410178,,,,,0.5330970094453149,1.2378129235314819,0.3726188190034638,0.8579865380052359,0.7809730028104906,2.1237520702571953
2.368407346410178,,,,,0.5357259928174528,1.2439172338842404,0.3744563995224861,0.8622177235155072,0.7848243938370765,2.146434068306903
2.3784073464101776,,,,,0.538343899325049,1.2499958245540161,0.37628623764545166,0.866431081500034,0.788659557550416,2.169139566348712
2.3884073464101774,,,,,0.5409508219183367,1.2560489113645672,0.37810839834178533,0.8706267615564458,0.7924786301201396,2.1918678686624995
2.398407346410177,,,,,0.5435468523824636,1.262076707434407,0.3799229457665524,0.8748049114072394,0.7962817460090589,2.214618292405774
2.408407346410177,,,,,0.546132081356884,1.2680794232218304,0.3817299432740124,0.8789656769309884,0.8000690380015735,2.237390167347579
2.4184073464101767,,,,,0.5487065983543454,1.274057266569001,0.383529453430891,0.8831092021929027,0.8038406372314889,2.260182835608733
2.4284073464101765,,,,,0.5512704917794882,1.2800104427451369,0.38532153802937985,0.8872356294747616,0.8075966732092619,2.28299565140831
2.4384073464101763,,,,,0.5538238489470586,1.2859391544888004,0.3871062580998677,0.8913450993042286,0.8113372738486839,2.3058279808161037
2.448407346410176,,,,,0.5563667560997518,1.2918436020493287,0.38888367392341155,0.8954377504835668,0.8150625654930199,2.3286792015109694
2.458407346410176,,,,,0.5588992984256915,1.2977239832274194,0.3906538450439546,0.8995137201177721,0.8187726729406152,2.3515487025448776
2.4684073464101757,,,,,0.5614215600755522,1.3035804934148878,0.39241683028029406,0.9035731436421303,0.8224677194699795,2.3744358841124855
2.4784073464101755,,,,,0.563933624179338,1.3094133256336258,0.39417268773780934,0.9076161548492218,0.8261478268643678,2.397340157326129
2.4884073464101752,,,,,0.5664355728636256,1.3152226705756394,0.3959214748205141,0.9116428859166728,0.8298131154370404,2.42026094400343
2.498407346410175,,,,,0.5689274872645559,1.3210087166332138,0.3976632482401371,0.9156534674280644,0.8334637040502951,2.4431976764240475
2.508407346410175,,,,,0.5714094475481691,1.3267716499461302,0.39939806403033595,0.9196480284056614,0.8370997101452585,2.4661497971616244
2.5184073464101746,,,,,0.5738815329229294,1.3325116544307458,0.4011259775554509,0.9236266963305684,0.8407212497602325,2.4891167588519707
2.5284073464101744,,,,,0.5763438216556122,1.3382289118168864,0.4028470435216105,0.9275895971683014,0.8443284375539711,2.5120980239995077
2.538407346410174,,,,,0.5787963910861709,1.3439236016823624,0.40456131598712225,0.9315368553927135,0.8479213868274581,2.5350930647817145
2.548407346410174,,,,,0.5812393176423137,1.349595901486817,0.4062688483726618,0.935468594009456,0.8515002095452624,2.5581013628580562
2.5584073464101738,,,,,0.5836726768537961,1.3552459866049105,0.40796969347126244,0.9393849345789804,0.8550650163564752,2.5811224091832785
2.5684073464101735,,,,,0.5860965433664289,1.3608740303588494,0.4096639034581072,0.9432859972390853,0.8586159166152337,2.6041557038248944
2.5784073464101733,,,,,0.5885109909558225,1.3664802040502952,0.41135152990013446,0.9471719007270346,0.8621530184008528,2.627200755784859
2.588407346410173,,,,,0.590916092540857,1.3720646769916445,0.41303262376545435,0.9510427624012385,0.8656764285375613,2.6502570828251977
2.598407346410173,,,,,0.5933119201968985,1.3776276165367154,0.4147072354325858,0.954898698262524,0.8691862526138622,2.6733242112976088
2.6084073464101727,,,,,0.5956985451687581,1.383169188110836,0.41637541469951483,0.9587398229749912,0.8726825950015171,2.6964016759768317
2.6184073464101725,,,,,0.5980760378834047,1.3886895552403637,0.41803721079258,0.9625662498864734,0.8761655588741705,2.7194890198977686
2.6284073464101723,,,,,0.6004444679624353,1.3941888795816413,0.41969267237518937,0.966378091048609,0.8796352462256187,2.7425857941962146
2.638407346410172,,,,,0.6028039042343074,1.399667320949397,0.42134184755637016,0.9701754572365263,0.8830917578877292,2.7656915579531014
2.648407346410172,,,,,0.6051544147463418,1.4051250373446178,0.42298478389915856,0.9739584579681637,0.8865351935480251,2.788805878042214
2.6584073464101716,,,,,0.6074960667773915,1.410562184983962,0.4246215284294546,0.9777272015246578,0.8899656517682448,2.8119283289900747
2.6684073464101714,,,,,0.6098289268459159,1.4159789183185096,0.4262521276416662,0.9814817949633389,0.8933832299961697,2.835058492795861
2.678407346410171,,,,,0.6121530607264065,1.4213753900719002,0.42787662751018996,0.9852223441441673,0.8967880245896882,2.85819595883914
2.688407346410171,,,,,0.6144685334572066,1.4267517512584904,0.42949507349487714,0.9889489537423188,0.9001801308282514,2.881340323707851
2.6984073464101708,,,,,0.616775409352239,1.4321081512105842,0.43110751054923024,0.9926617272670585,0.9035596429300526,2.9044911910699067
2.7084073464101706,,,,,0.6190737520117244,1.4374447376033215,0.4327139831278963,0.9963607670789935,0.9069266540677318,2.927648171539767
2.7184073464101703,,,,,0.6213636243327038,1.4427616564791081,0.4343145351940199,1.0000461744070055,0.9102812563837879,2.950810882547937
2.72840734641017,,,,,0.6236450885193647,1.4480590522715955,0.4359092102264626,1.0037180493648727,0.913623541005709,2.973978948213224
2.73840734641017,,,,,0.6259182060931816,1.4533370678292232,0.4374980512268895,1.0073764909675884,0.9169535980608259,2.9971519992177695
2.7484073464101697,,,,,0.6281830379028699,1.458595844438333,0.43908110072672746,1.011021597147382,0.9202715166908955,3.0203296726847437
2.7584073464101695,,,,,0.6304396441341584,1.4638355218458592,0.44065840079399565,1.0146534647694472,0.9235773850664167,3.043511612058629
2.7684073464101693,,,,,0.6326880843193884,1.4690562382816184,0.442229993040015,1.0182721896473912,0.9268712904006933,3.066697466988092
2.778407346410169,,,,,0.6349284173469345,1.4742581304801816,0.44379591862599277,1.0218778665583967,0.9301533189636348,3.089886893211276
2.788407346410169,,,,,0.6371607014704614,1.47944133370237,0.4453562182694935,1.0254705892581204,0.9334235560953175,3.11307955244357
2.7984073464101686,,,,,0.6393849943180108,1.4846059817563515,0.4469109322507894,1.0290504504953168,0.936682086219296,3.136275112267699
2.8084073464101684,,,,,0.6416013529009299,1.489752207018376,0.4484601004191024,1.0326175420262103,0.9399289928556852,3.1594732460261645
2.818407346410168,,,,,0.6438098336235152,1.4948801404551637,0.4500037621993436,1.0361719546300134,0.9431643586352851,3.182673632725118
2.828407346410168,,,,,0.6460104922882022,1.4999899116359579,0.4515419565957418,1.039713778117282,0.9463882653071869,3.205875956895242
2.838407346410168,,,,,0.6482033841090397,1.505081648763809,0.4530747222012608,1.0432431013515993,0.9496007937585094,3.229079908543412
2.8484073464101676,,,,,0.6503885637167365,1.510155478687295,0.45460209720112743,1.046760012257699,0.9528020240217946,3.2522851830195387
2.8584073464101674,,,,,0.6525660851676262,1.5152115269213353,0.45612411937909736,1.050264597835894,0.9559920352881399,3.275491480928075
2.868407346410167,,,,,0.6547360019516878,1.5202499176658157,0.45764082612306156,1.0537569441749848,0.9591709059189485,3.298698508033133
2.878407346410167,,,,,0.6568983670004357,1.5252707738239057,0.4591522544305607,1.0572371364649567,0.9623387134574867,3.321905975165632
2.8884073464101667,,,,,0.6590532326946612,1.530274217020037,0.4606584409141969,1.0607052590094417,0.9654955346402273,3.3451135981322286
2.8984073464101665,,,,,0.6612006508720499,1.5352603676175876,0.46215942180695735,1.064161395237976,0.9686414454080069,3.3683210976262075
2.9084073464101663,,,,,0.6633406728346624,1.540229344736253,0.4636552329674435,1.0676056277180408,0.9717765209169855,3.391528199140133
2.918407346410166,,,,,0.6654733493562872,1.5451812662691207,0.46514590988501087,1.071038038166897,0.9749008355494196,3.4147346328802826
2.928407346410166,,,,,0.6675987306896727,1.550116248899457,0.4666314876848227,1.074458707463222,0.9780144629242541,3.437940133682844
2.9384073464101657,,,,,0.6697168665736272,1.5550344081172,0.46811200113281454,1.0778677156585403,0.9811174759075267,3.461144440931739
2.9484073464101654,,,,,0.671827806240007,1.5599358582351797,0.469587484640577,1.081265141988468,0.9842099466226033,3.484347298478177
2.9584073464101652,,,,,0.6739315984205811,1.5648207124050588,0.4710579722701548,1.0846510648837613,0.9872919464602345,3.507548454561771
2.968407346410165,,,,,0.6760282913537806,1.5696890826330063,0.4725234977387643,1.08802556198118,0.990363546088445,3.530747661733237
2.978407346410165,,,,,0.6781179327913377,1.574541079795111,0.4739840944234341,1.0913887101341726,0.9934248154622578,3.5539446767786798
2.9884073464101646,,,,,0.6802005700057412,1.5793768136546922,0.47543979536621583,1.0947405854248746,0.9964758238346175,3.577139260655714
2.9984073464101644,,,,,0.682276249793008,1.5841963928687368,0.4768906332761218,1.0980812631685701,0.9995166397604498,3.600331178380088
3.008407346410164,,,,,0.6843450184843423,1.5889999250149691,0.47833664053727376,1.101410817932455,1.0025473311137416,3.6235201990139156
3.018407346410164,,,,,0.6864069219488494,1.5937875165981537,0.4797778492108006,1.104729323540007,1.005567965091518,3.646706095556914
3.0284073464101637,,,,,0.6884620056004931,1.5985592730662486,0.48121429103970065,1.108036853082181,1.0085786082240331,3.66988864488736
3.0384073464101635,,,,,0.690510314404098,1.6033152988243442,0.4826459974530377,1.1113334789270704,1.0115793263835646,3.693067627694908
3.0484073464101633,,,,,0.6925518928812524,1.608055697248366,0.48407299957006644,1.114619272729407,1.0145701847930604,3.7162428284146847
3.058407346410163,,,,,0.6945867851161123,1.6127805706985552,0.4854953282042896,1.1178943054399033,1.0175512480346414,3.739414035162677
3.068407346410163,,,,,0.6966150347611176,1.6174900205327383,0.48691301386745334,1.121158647314451,1.0205225800579767,3.7625810396724266
3.0784073464101627,,,,,0.6986366850426076,1.6221841471193665,0.48832608677347206,1.124412367923159,1.0234842441885084,3.785743637232884
3.0884073464101625,,,,,0.7006517787663498,1.6268630498503547,0.48973457684229343,1.1276555361592528,1.0264363031355523,3.808901626627508
3.0984073464101622,,,,,0.7026603583229768,1.6315268271537033,0.49113851370369815,1.1308882202478237,1.0293788190002633,3.8320548100745135
3.108407346410162,,,,,0.7046624656933401,1.6361755765059307,0.49253792670104196,1.1341104877544452,1.0323118532834767,3.855202993168317
3.118407346410162,,,,,0.7066581424537721,1.6408093944442914,0.4939328448949342,1.1373224055936433,1.0352354668934187,3.8783459848220425
3.1284073464101616,,,,,0.7086474297812669,1.6454283765788051,0.49532329706685874,1.1405240400372334,1.0381497201532954,3.901483597211164
3.1384073464101614,,,,,0.71063036845858,1.650032617604097,0.4967093117227381,1.143715456722528,1.0410546728087633,3.9246156457182377
